order_id,event,lat,lon,time,trip_dist_m,trip_dur_s
0,driver_arrival,58.3862594,26.7194464,4.0,2206.4,269.0
0,rider_pickup_presence,58.3862594,26.7194464,80.73,2206.4,269.0
0,trip_completion,58.3729901,26.6913068,273.0,2206.4,269.0
0,rider_dropoff_presence,58.3729901,26.6913068,276.0,2206.4,269.0
1,driver_arrival,58.378385,26.7013441,11.0,3560.9,839.0
1,rider_pickup_presence,58.378385,26.7013441,44.0,3560.9,839.0
1,trip_completion,58.3782653,26.7624225,850.0,3560.9,839.0
1,rider_dropoff_presence,58.3782653,26.7624225,876.79,3560.9,839.0
10,driver_arrival,58.3821398,26.7161951,119.0,1492.9,470.0
10,rider_pickup_presence,58.3821398,26.7161951,207.38,1492.9,470.0
10,trip_completion,58.3712836,26.7312606,589.0,1492.9,470.0
10,rider_dropoff_presence,58.3712836,26.7312606,670.2,1492.9,470.0
100,driver_arrival,58.3893468,26.7042633,1365.0,1063.2,247.0
100,rider_pickup_presence,58.3893468,26.7042633,1472.06,1063.2,247.0
100,trip_completion,58.3831384,26.7181365,1612.0,1063.2,247.0
100,rider_dropoff_presence,58.3831384,26.7181365,1622.43,1063.2,247.0
101,driver_arrival,58.3726242,26.7598331,1366.0,3682.5,650.0
101,rider_pickup_presence,58.3726242,26.7598331,1416.63,3682.5,650.0
101,trip_completion,58.3846532,26.7009815,2016.0,3682.5,650.0
101,rider_dropoff_presence,58.3846532,26.7009815,2019.58,3682.5,650.0
102,driver_arrival,58.3859232,26.7149271,1367.0,597.3,114.0
102,rider_pickup_presence,58.3859232,26.7149271,1393.24,597.3,114.0
102,trip_completion,58.3875264,26.7051468,1481.0,597.3,114.0
102,rider_dropoff_presence,58.3875264,26.7051468,1541.64,597.3,114.0
103,driver_arrival,58.3779382,26.7288694,1369.0,1887.8,315.0
103,rider_pickup_presence,58.3779382,26.7288694,1372.18,1887.8,315.0
103,trip_completion,58.3802013,26.7609624,1684.0,1887.8,315.0
103,rider_dropoff_presence,58.3802013,26.7609624,1707.86,1887.8,315.0
104,driver_arrival,58.3635735,26.7346713,1379.0,2076.1,375.0
104,rider_pickup_presence,58.3635735,26.7346713,1456.99,2076.1,375.0
104,trip_completion,58.3726713,26.7657582,1754.0,2076.1,375.0
104,rider_dropoff_presence,58.3726713,26.7657582,1819.39,2076.1,375.0
105,driver_arrival,58.361672,26.7138494,1423.0,3096.5,423.0
105,rider_pickup_presence,58.361672,26.7138494,1449.45,3096.5,423.0
105,trip_completion,58.3877787,26.6953686,1846.0,3096.5,423.0
105,rider_dropoff_presence,58.3877787,26.6953686,1916.71,3096.5,423.0
106,driver_arrival,58.3613807,26.7380303,1426.0,445.4,103.0
106,rider_pickup_presence,58.3613807,26.7380303,1523.13,445.4,103.0
106,trip_completion,58.3611439,26.7304076,1529.0,445.4,103.0
106,rider_dropoff_presence,58.3611439,26.7304076,1529.78,445.4,103.0
107,driver_arrival,58.3830776,26.7485898,1426.0,618.2,92.0
107,rider_pickup_presence,58.3830776,26.7485898,1522.7,618.2,92.0
107,trip_completion,58.3837869,26.7380704,1518.0,618.2,92.0
107,rider_dropoff_presence,58.3837869,26.7380704,1601.78,618.2,92.0
108,driver_arrival,58.3879964,26.7330965,1452.0,2263.4,485.0
108,rider_pickup_presence,58.3879964,26.7330965,1492.83,2263.4,485.0
108,trip_completion,58.370841,26.7121998,1937.0,2263.4,485.0
108,rider_dropoff_presence,58.370841,26.7121998,1955.66,2263.4,485.0
109,driver_arrival,58.3779259,26.7109961,1469.0,451.7,82.0
109,rider_pickup_presence,58.3779259,26.7109961,1583.87,451.7,82.0
109,trip_completion,58.3752576,26.705154,1551.0,451.7,82.0
109,rider_dropoff_presence,58.3752576,26.705154,1591.39,451.7,82.0
11,driver_arrival,58.3741285,26.7360254,120.0,2194.0,376.0
11,rider_pickup_presence,58.3741285,26.7360254,131.13,2194.0,376.0
11,trip_completion,58.379324,26.772328,496.0,2194.0,376.0
11,rider_dropoff_presence,58.379324,26.772328,507.61,2194.0,376.0
110,driver_arrival,58.3763289,26.7616101,1486.0,1065.3,203.0
110,rider_pickup_presence,58.3763289,26.7616101,1587.7,1065.3,203.0
110,trip_completion,58.3855913,26.7569371,1689.0,1065.3,203.0
110,rider_dropoff_presence,58.3855913,26.7569371,1761.45,1065.3,203.0
111,driver_arrival,58.3773448,26.6834401,1487.0,5440.3,1243.0
111,rider_pickup_presence,58.3773448,26.6834401,1583.86,5440.3,1243.0
111,trip_completion,58.3754797,26.776683,2730.0,5440.3,1243.0
111,rider_dropoff_presence,58.3754797,26.776683,2817.57,5440.3,1243.0
112,driver_arrival,58.3731621,26.7787746,1542.0,3362.8,474.0
112,rider_pickup_presence,58.3731621,26.7787746,1606.35,3362.8,474.0
112,trip_completion,58.3861357,26.7266692,2016.0,3362.8,474.0
112,rider_dropoff_presence,58.3861357,26.7266692,2132.77,3362.8,474.0
113,driver_arrival,58.3729992,26.776257,1566.0,1440.7,405.0
113,rider_pickup_presence,58.3729992,26.776257,1611.42,1440.7,405.0
113,trip_completion,58.3721401,26.7516033,1971.0,1440.7,405.0
113,rider_dropoff_presence,58.3721401,26.7516033,2037.24,1440.7,405.0
114,driver_arrival,58.3886917,26.7131434,1584.0,2982.2,376.0
114,rider_pickup_presence,58.3886917,26.7131434,1683.53,2982.2,376.0
114,trip_completion,58.3660623,26.6856914,1960.0,2982.2,376.0
114,rider_dropoff_presence,58.3660623,26.6856914,2034.22,2982.2,376.0
115,driver_arrival,58.3704053,26.697762,1587.0,2135.8,595.0
115,rider_pickup_presence,58.3704053,26.697762,1690.4,2135.8,595.0
115,trip_completion,58.3755396,26.7330586,2182.0,2135.8,595.0
115,rider_dropoff_presence,58.3755396,26.7330586,2251.28,2135.8,595.0
116,driver_arrival,58.3884685,26.7059629,1592.0,4172.7,780.0
116,rider_pickup_presence,58.3884685,26.7059629,1676.55,4172.7,780.0
116,trip_completion,58.3725918,26.7708181,2372.0,4172.7,780.0
116,rider_dropoff_presence,58.3725918,26.7708181,2377.5,4172.7,780.0
117,driver_arrival,58.3847026,26.6922963,1602.0,2881.8,268.0
117,rider_pickup_presence,58.3847026,26.6922963,1629.35,2881.8,268.0
117,trip_completion,58.3622489,26.7169779,1870.0,2881.8,268.0
117,rider_dropoff_presence,58.3622489,26.7169779,1904.73,2881.8,268.0
118,driver_arrival,58.3821347,26.7314024,1610.0,851.1,211.0
118,rider_pickup_presence,58.3821347,26.7314024,1619.58,851.1,211.0
118,trip_completion,58.3748613,26.7268541,1821.0,851.1,211.0
118,rider_dropoff_presence,58.3748613,26.7268541,1848.93,851.1,211.0
119,driver_arrival,58.3785289,26.714298,1622.0,3733.9,603.0
119,rider_pickup_presence,58.3785289,26.714298,1634.12,3733.9,603.0
119,trip_completion,58.3634462,26.7715074,2225.0,3733.9,603.0
119,rider_dropoff_presence,58.3634462,26.7715074,2258.36,3733.9,603.0
12,driver_arrival,58.386926,26.7123428,144.0,1905.0,326.0
12,rider_pickup_presence,58.386926,26.7123428,220.28,1905.0,326.0
12,trip_completion,58.379583,26.741869,470.0,1905.0,326.0
12,rider_dropoff_presence,58.379583,26.741869,513.78,1905.0,326.0
120,driver_arrival,58.3617432,26.7011527,1640.0,3930.7,869.0
120,rider_pickup_presence,58.3617432,26.7011527,1684.42,3930.7,869.0
120,trip_completion,58.3643897,26.7683566,2509.0,3930.7,869.0
120,rider_dropoff_presence,58.3643897,26.7683566,2534.14,3930.7,869.0
121,driver_arrival,58.379643,26.712575,1644.0,1000.1,655.0
121,rider_pickup_presence,58.379643,26.712575,1676.04,1000.1,655.0
121,trip_completion,58.3736968,26.7254455,2299.0,1000.1,655.0
121,rider_dropoff_presence,58.3736968,26.7254455,2411.4,1000.1,655.0
122,driver_arrival,58.376504,26.7196666,1645.0,2908.6,622.0
122,rider_pickup_presence,58.376504,26.7196666,1722.76,2908.6,622.0
122,trip_completion,58.3703876,26.7681664,2267.0,2908.6,622.0
122,rider_dropoff_presence,58.3703876,26.7681664,2340.1,2908.6,622.0
123,driver_arrival,58.3870533,26.7090759,1647.0,3609.3,723.0
123,rider_pickup_presence,58.3870533,26.7090759,1667.54,3609.3,723.0
123,trip_completion,58.3750045,26.7665651,2370.0,3609.3,723.0
123,rider_dropoff_presence,58.3750045,26.7665651,2457.5,3609.3,723.0
124,driver_arrival,58.3600223,26.717311,1651.0,3025.6,657.0
124,rider_pickup_presence,58.3600223,26.717311,1670.61,3025.6,657.0
124,trip_completion,58.3872288,26.7165111,2308.0,3025.6,657.0
124,rider_dropoff_presence,58.3872288,26.7165111,2353.53,3025.6,657.0
125,driver_arrival,58.3751942,26.6929755,1655.0,4670.7,906.0
125,rider_pickup_presence,58.3751942,26.6929755,1773.74,4670.7,906.0
125,trip_completion,58.3675668,26.7717424,2561.0,4670.7,906.0
125,rider_dropoff_presence,58.3675668,26.7717424,2637.8,4670.7,906.0
126,driver_arrival,58.3788657,26.6993116,1656.0,2017.5,265.0
126,rider_pickup_presence,58.3788657,26.6993116,1722.83,2017.5,265.0
126,trip_completion,58.3607777,26.7020169,1921.0,2017.5,265.0
126,rider_dropoff_presence,58.3607777,26.7020169,2003.15,2017.5,265.0
127,driver_arrival,58.3772394,26.7214524,1658.0,2778.4,915.0
127,rider_pickup_presence,58.3772394,26.7214524,1759.14,2778.4,915.0
127,trip_completion,58.37192,26.7680117,2573.0,2778.4,915.0
127,rider_dropoff_presence,58.37192,26.7680117,2666.12,2778.4,915.0
128,driver_arrival,58.3628525,26.6892308,1663.0,793.1,87.0
128,rider_pickup_presence,58.3628525,26.6892308,1690.49,793.1,87.0
128,trip_completion,58.3675183,26.6995161,1750.0,793.1,87.0
128,rider_dropoff_presence,58.3675183,26.6995161,1753.85,793.1,87.0
129,driver_arrival,58.3701152,26.7249855,1675.0,1048.1,385.0
129,rider_pickup_presence,58.3701152,26.7249855,1712.85,1048.1,385.0
129,trip_completion,58.3795269,26.724018,2060.0,1048.1,385.0
129,rider_dropoff_presence,58.3795269,26.724018,2092.13,1048.1,385.0
13,driver_arrival,58.3834524,26.7638226,168.0,3641.0,452.0
13,rider_pickup_presence,58.3834524,26.7638226,193.32,3641.0,452.0
13,trip_completion,58.3696126,26.707226,620.0,3641.0,452.0
13,rider_dropoff_presence,58.3696126,26.707226,733.15,3641.0,452.0
130,driver_arrival,58.361797,26.6960953,1685.0,1656.2,351.0
130,rider_pickup_presence,58.361797,26.6960953,1790.16,1656.2,351.0
130,trip_completion,58.3684363,26.7215152,2036.0,1656.2,351.0
130,rider_dropoff_presence,58.3684363,26.7215152,2073.76,1656.2,351.0
131,driver_arrival,58.3772186,26.7552988,1687.0,3685.6,434.0
131,rider_pickup_presence,58.3772186,26.7552988,1765.65,3685.6,434.0
131,trip_completion,58.3826838,26.692943,2121.0,3685.6,434.0
131,rider_dropoff_presence,58.3826838,26.692943,2168.48,3685.6,434.0
132,driver_arrival,58.3605614,26.7765581,1688.0,2485.7,239.0
132,rider_pickup_presence,58.3605614,26.7765581,1797.75,2485.7,239.0
132,trip_completion,58.3789816,26.7524061,1927.0,2485.7,239.0
132,rider_dropoff_presence,58.3789816,26.7524061,1982.06,2485.7,239.0
133,driver_arrival,58.388135,26.7106024,1698.0,1411.5,240.0
133,rider_pickup_presence,58.388135,26.7106024,1729.79,1411.5,240.0
133,trip_completion,58.3823522,26.7321584,1938.0,1411.5,240.0
133,rider_dropoff_presence,58.3823522,26.7321584,1967.6,1411.5,240.0
134,driver_arrival,58.3826775,26.7065634,1699.0,2908.0,429.0
134,rider_pickup_presence,58.3826775,26.7065634,1766.36,2908.0,429.0
134,trip_completion,58.3672125,26.7467836,2128.0,2908.0,429.0
134,rider_dropoff_presence,58.3672125,26.7467836,2159.53,2908.0,429.0
135,driver_arrival,58.3868336,26.70884,1728.0,2843.9,598.0
135,rider_pickup_presence,58.3868336,26.70884,1798.15,2843.9,598.0
135,trip_completion,58.3628066,26.7255559,2326.0,2843.9,598.0
135,rider_dropoff_presence,58.3628066,26.7255559,2433.74,2843.9,598.0
136,driver_arrival,58.3873797,26.7071457,1755.0,1927.9,249.0
136,rider_pickup_presence,58.3873797,26.7071457,1802.93,1927.9,249.0
136,trip_completion,58.3842711,26.7396843,2004.0,1927.9,249.0
136,rider_dropoff_presence,58.3842711,26.7396843,2030.32,1927.9,249.0
137,driver_arrival,58.3763342,26.7284795,1763.0,2857.3,644.0
137,rider_pickup_presence,58.3763342,26.7284795,1882.7,2857.3,644.0
137,trip_completion,58.3734771,26.7771817,2407.0,2857.3,644.0
137,rider_dropoff_presence,58.3734771,26.7771817,2468.14,2857.3,644.0
138,driver_arrival,58.3691043,26.7257729,1791.0,738.2,294.0
138,rider_pickup_presence,58.3691043,26.7257729,1801.91,738.2,294.0
138,trip_completion,58.370046,26.7132418,2085.0,738.2,294.0
138,rider_dropoff_presence,58.370046,26.7132418,2090.65,738.2,294.0
139,driver_arrival,58.3873872,26.719042,1795.0,1471.4,317.0
139,rider_pickup_presence,58.3873872,26.719042,1808.16,1471.4,317.0
139,trip_completion,58.3754895,26.7300909,2112.0,1471.4,317.0
139,rider_dropoff_presence,58.3754895,26.7300909,2187.29,1471.4,317.0
14,driver_arrival,58.3692996,26.6874718,180.0,1105.9,229.0
14,rider_pickup_presence,58.3692996,26.6874718,275.05,1105.9,229.0
14,trip_completion,58.3681491,26.7063092,409.0,1105.9,229.0
14,rider_dropoff_presence,58.3681491,26.7063092,459.66,1105.9,229.0
140,driver_arrival,58.3728689,26.7788323,1796.0,3256.3,961.0
140,rider_pickup_presence,58.3728689,26.7788323,1803.62,3256.3,961.0
140,trip_completion,58.3740513,26.7230309,2757.0,3256.3,961.0
140,rider_dropoff_presence,58.3740513,26.7230309,2802.79,3256.3,961.0
141,driver_arrival,58.3752181,26.7215014,1798.0,740.0,411.0
141,rider_pickup_presence,58.3752181,26.7215014,1917.53,740.0,411.0
141,trip_completion,58.3748585,26.7341747,2209.0,740.0,411.0
141,rider_dropoff_presence,58.3748585,26.7341747,2272.49,740.0,411.0
142,driver_arrival,58.3758354,26.7777148,1801.0,1394.1,569.0
142,rider_pickup_presence,58.3758354,26.7777148,1917.53,1394.1,569.0
142,trip_completion,58.3758228,26.7538047,2370.0,1394.1,569.0
142,rider_dropoff_presence,58.3758228,26.7538047,2473.29,1394.1,569.0
143,driver_arrival,58.3713896,26.6878894,1814.0,3210.7,598.0
143,rider_pickup_presence,58.3713896,26.6878894,1815.38,3210.7,598.0
143,trip_completion,58.364713,26.7414533,2412.0,3210.7,598.0
143,rider_dropoff_presence,58.364713,26.7414533,2498.49,3210.7,598.0
144,driver_arrival,58.366369,26.7218085,1819.0,1596.3,520.0
144,rider_pickup_presence,58.366369,26.7218085,1900.81,1596.3,520.0
144,trip_completion,58.3702109,26.6954342,2339.0,1596.3,520.0
144,rider_dropoff_presence,58.3702109,26.6954342,2403.44,1596.3,520.0
145,driver_arrival,58.3876857,26.6978413,1823.0,3055.7,284.0
145,rider_pickup_presence,58.3876857,26.6978413,1855.02,3055.7,284.0
145,trip_completion,58.3604192,26.704372,2107.0,3055.7,284.0
145,rider_dropoff_presence,58.3604192,26.704372,2183.92,3055.7,284.0
146,driver_arrival,58.3735858,26.7661126,1823.0,4044.6,833.0
146,rider_pickup_presence,58.3735858,26.7661126,1836.39,4044.6,833.0
146,trip_completion,58.3643235,26.699042,2656.0,4044.6,833.0
146,rider_dropoff_presence,58.3643235,26.699042,2708.17,4044.6,833.0
147,driver_arrival,58.3844344,26.748442,1845.0,2135.4,436.0
147,rider_pickup_presence,58.3844344,26.748442,1899.45,2135.4,436.0
147,trip_completion,58.3702366,26.7731053,2281.0,2135.4,436.0
147,rider_dropoff_presence,58.3702366,26.7731053,2395.46,2135.4,436.0
148,driver_arrival,58.3706757,26.704195,1857.0,769.5,134.0
148,rider_pickup_presence,58.3706757,26.704195,1962.1,769.5,134.0
148,trip_completion,58.3760275,26.6958285,1991.0,769.5,134.0
148,rider_dropoff_presence,58.3760275,26.6958285,2022.61,769.5,134.0
149,driver_arrival,58.3813122,26.7461312,1864.0,3238.9,621.0
149,rider_pickup_presence,58.3813122,26.7461312,1924.07,3238.9,621.0
149,trip_completion,58.3617829,26.7049202,2485.0,3238.9,621.0
149,rider_dropoff_presence,58.3617829,26.7049202,2506.44,3238.9,621.0
15,driver_arrival,58.3818395,26.7392833,189.0,3177.8,647.0
15,rider_pickup_presence,58.3818395,26.7392833,298.52,3177.8,647.0
15,trip_completion,58.3778706,26.6853015,836.0,3177.8,647.0
15,rider_dropoff_presence,58.3778706,26.6853015,940.46,3177.8,647.0
150,driver_arrival,58.3891953,26.7330744,1869.0,3020.0,493.0
150,rider_pickup_presence,58.3891953,26.7330744,1904.81,3020.0,493.0
150,trip_completion,58.3707779,26.6950018,2362.0,3020.0,493.0
150,rider_dropoff_presence,58.3707779,26.6950018,2438.67,3020.0,493.0
151,driver_arrival,58.3722952,26.7260759,1877.0,1825.8,573.0
151,rider_pickup_presence,58.3722952,26.7260759,1950.08,1825.8,573.0
151,trip_completion,58.3886327,26.7229389,2450.0,1825.8,573.0
151,rider_dropoff_presence,58.3886327,26.7229389,2468.34,1825.8,573.0
152,driver_arrival,58.3838857,26.7806856,1884.0,3973.8,431.0
152,rider_pickup_presence,58.3838857,26.7806856,1975.5,3973.8,431.0
152,trip_completion,58.3665785,26.7210562,2315.0,3973.8,431.0
152,rider_dropoff_presence,58.3665785,26.7210562,2379.73,3973.8,431.0
153,driver_arrival,58.3824401,26.7216591,1885.0,3532.1,626.0
153,rider_pickup_presence,58.3824401,26.7216591,1978.44,3532.1,626.0
153,trip_completion,58.3698504,26.7772794,2511.0,3532.1,626.0
153,rider_dropoff_presence,58.3698504,26.7772794,2574.64,3532.1,626.0
154,driver_arrival,58.3881119,26.7106377,1892.0,1718.6,289.0
154,rider_pickup_presence,58.3881119,26.7106377,1892.07,1718.6,289.0
154,trip_completion,58.3726896,26.7125795,2181.0,1718.6,289.0
154,rider_dropoff_presence,58.3726896,26.7125795,2219.9,1718.6,289.0
155,driver_arrival,58.3692047,26.6871271,1903.0,1137.9,199.0
155,rider_pickup_presence,58.3692047,26.6871271,1905.34,1137.9,199.0
155,trip_completion,58.3650198,26.7049327,2102.0,1137.9,199.0
155,rider_dropoff_presence,58.3650198,26.7049327,2213.49,1137.9,199.0
156,driver_arrival,58.3820146,26.7103684,1907.0,1423.8,170.0
156,rider_pickup_presence,58.3820146,26.7103684,2012.45,1423.8,170.0
156,trip_completion,58.3700849,26.7014986,2077.0,1423.8,170.0
156,rider_dropoff_presence,58.3700849,26.7014986,2176.8,1423.8,170.0
157,driver_arrival,58.3811616,26.7184955,1910.0,1406.0,246.0
157,rider_pickup_presence,58.3811616,26.7184955,1946.9,1406.0,246.0
157,trip_completion,58.3831679,26.6946816,2156.0,1406.0,246.0
157,rider_dropoff_presence,58.3831679,26.6946816,2162.95,1406.0,246.0
158,driver_arrival,58.3821812,26.7366418,1912.0,2340.3,533.0
158,rider_pickup_presence,58.3821812,26.7366418,2017.36,2340.3,533.0
158,trip_completion,58.3876649,26.6978792,2445.0,2340.3,533.0
158,rider_dropoff_presence,58.3876649,26.6978792,2558.63,2340.3,533.0
159,driver_arrival,58.3866051,26.7151651,1925.0,490.7,100.0
159,rider_pickup_presence,58.3866051,26.7151651,1935.28,490.7,100.0
159,trip_completion,58.3871351,26.7068064,2025.0,490.7,100.0
159,rider_dropoff_presence,58.3871351,26.7068064,2083.32,490.7,100.0
16,driver_arrival,58.3648241,26.7463515,196.0,1341.6,326.0
16,rider_pickup_presence,58.3648241,26.7463515,204.31,1341.6,326.0
16,trip_completion,58.3745773,26.7598958,522.0,1341.6,326.0
16,rider_dropoff_presence,58.3745773,26.7598958,613.27,1341.6,326.0
160,driver_arrival,58.3724892,26.7575921,1936.0,2379.0,252.0
160,rider_pickup_presence,58.3724892,26.7575921,2027.9,2379.0,252.0
160,trip_completion,58.3887467,26.7310638,2188.0,2379.0,252.0
160,rider_dropoff_presence,58.3887467,26.7310638,2203.41,2379.0,252.0
161,driver_arrival,58.3878752,26.7150602,1952.0,1997.5,745.0
161,rider_pickup_presence,58.3878752,26.7150602,2009.03,1997.5,745.0
161,trip_completion,58.3706475,26.7247703,2697.0,1997.5,745.0
161,rider_dropoff_presence,58.3706475,26.7247703,2762.98,1997.5,745.0
162,driver_arrival,58.3715305,26.7678063,1958.0,1399.3,268.0
162,rider_pickup_presence,58.3715305,26.7678063,1989.81,1399.3,268.0
162,trip_completion,58.3599625,26.7772505,2226.0,1399.3,268.0
162,rider_dropoff_presence,58.3599625,26.7772505,2330.69,1399.3,268.0
163,driver_arrival,58.3622392,26.6952318,1963.0,2090.1,420.0
163,rider_pickup_presence,58.3622392,26.6952318,2013.78,2090.1,420.0
163,trip_completion,58.3705846,26.7273446,2383.0,2090.1,420.0
163,rider_dropoff_presence,58.3705846,26.7273446,2408.42,2090.1,420.0
164,driver_arrival,58.3734718,26.6989755,1982.0,2063.6,435.0
164,rider_pickup_presence,58.3734718,26.6989755,2046.72,2063.6,435.0
164,trip_completion,58.3846298,26.7272609,2417.0,2063.6,435.0
164,rider_dropoff_presence,58.3846298,26.7272609,2504.59,2063.6,435.0
165,driver_arrival,58.3839632,26.7493224,1997.0,4544.4,1073.0
165,rider_pickup_presence,58.3839632,26.7493224,2021.14,4544.4,1073.0
165,trip_completion,58.3640421,26.6812695,3070.0,4544.4,1073.0
165,rider_dropoff_presence,58.3640421,26.6812695,3107.41,4544.4,1073.0
166,driver_arrival,58.3659428,26.7362545,2006.0,1626.8,278.0
166,rider_pickup_presence,58.3659428,26.7362545,2125.42,1626.8,278.0
166,trip_completion,58.3725386,26.7611557,2284.0,1626.8,278.0
166,rider_dropoff_presence,58.3725386,26.7611557,2361.99,1626.8,278.0
167,driver_arrival,58.3706018,26.701237,2029.0,3878.0,816.0
167,rider_pickup_presence,58.3706018,26.701237,2081.57,3878.0,816.0
167,trip_completion,58.3702021,26.7677355,2845.0,3878.0,816.0
167,rider_dropoff_presence,58.3702021,26.7677355,2907.11,3878.0,816.0
168,driver_arrival,58.3844305,26.7270063,2031.0,2343.7,780.0
168,rider_pickup_presence,58.3844305,26.7270063,2045.52,2343.7,780.0
168,trip_completion,58.3674905,26.7030868,2811.0,2343.7,780.0
168,rider_dropoff_presence,58.3674905,26.7030868,2837.96,2343.7,780.0
169,driver_arrival,58.3751346,26.7052789,2034.0,1524.1,273.0
169,rider_pickup_presence,58.3751346,26.7052789,2074.57,1524.1,273.0
169,trip_completion,58.3680133,26.7276118,2307.0,1524.1,273.0
169,rider_dropoff_presence,58.3680133,26.7276118,2377.6,1524.1,273.0
17,driver_arrival,58.3643322,26.7105858,199.0,2395.7,525.0
17,rider_pickup_presence,58.3643322,26.7105858,226.61,2395.7,525.0
17,trip_completion,58.3858575,26.7088273,724.0,2395.7,525.0
17,rider_dropoff_presence,58.3858575,26.7088273,750.43,2395.7,525.0
170,driver_arrival,58.3692315,26.7261372,2036.0,1030.8,134.0
170,rider_pickup_presence,58.3692315,26.7261372,2044.52,1030.8,134.0
170,trip_completion,58.3603552,26.7312318,2170.0,1030.8,134.0
170,rider_dropoff_presence,58.3603552,26.7312318,2245.73,1030.8,134.0
171,driver_arrival,58.3834553,26.7215083,2039.0,3259.5,556.0
171,rider_pickup_presence,58.3834553,26.7215083,2066.47,3259.5,556.0
171,trip_completion,58.3781421,26.7764954,2595.0,3259.5,556.0
171,rider_dropoff_presence,58.3781421,26.7764954,2703.65,3259.5,556.0
172,driver_arrival,58.3655897,26.6861068,2048.0,2934.3,583.0
172,rider_pickup_presence,58.3655897,26.6861068,2151.16,2934.3,583.0
172,trip_completion,58.362969,26.7361685,2631.0,2934.3,583.0
172,rider_dropoff_presence,58.362969,26.7361685,2639.5,2934.3,583.0
173,driver_arrival,58.3825947,26.733275,2050.0,2536.6,628.0
173,rider_pickup_presence,58.3825947,26.733275,2078.56,2536.6,628.0
173,trip_completion,58.3602155,26.724841,2678.0,2536.6,628.0
173,rider_dropoff_presence,58.3602155,26.724841,2758.28,2536.6,628.0
174,driver_arrival,58.3781697,26.7107884,2080.0,577.6,86.0
174,rider_pickup_presence,58.3781697,26.7107884,2105.71,577.6,86.0
174,trip_completion,58.3731003,26.7086267,2166.0,577.6,86.0
174,rider_dropoff_presence,58.3731003,26.7086267,2181.88,577.6,86.0
175,driver_arrival,58.3688482,26.7251827,2100.0,2909.2,644.0
175,rider_pickup_presence,58.3688482,26.7251827,2212.26,2909.2,644.0
175,trip_completion,58.3739867,26.7741011,2744.0,2909.2,644.0
175,rider_dropoff_presence,58.3739867,26.7741011,2812.53,2909.2,644.0
176,driver_arrival,58.369505,26.7681289,2109.0,2736.0,910.0
176,rider_pickup_presence,58.369505,26.7681289,2165.72,2736.0,910.0
176,trip_completion,58.3692194,26.7212138,3019.0,2736.0,910.0
176,rider_dropoff_presence,58.3692194,26.7212138,3113.15,2736.0,910.0
177,driver_arrival,58.3865177,26.6799698,2120.0,2278.5,398.0
177,rider_pickup_presence,58.3865177,26.6799698,2216.9,2278.5,398.0
177,trip_completion,58.3873537,26.7190293,2518.0,2278.5,398.0
177,rider_dropoff_presence,58.3873537,26.7190293,2540.85,2278.5,398.0
178,driver_arrival,58.3788436,26.7679904,2122.0,733.6,139.0
178,rider_pickup_presence,58.3788436,26.7679904,2133.63,733.6,139.0
178,trip_completion,58.3733834,26.7609275,2261.0,733.6,139.0
178,rider_dropoff_presence,58.3733834,26.7609275,2312.73,733.6,139.0
179,driver_arrival,58.372139,26.7223127,2131.0,2873.2,765.0
179,rider_pickup_presence,58.372139,26.7223127,2181.83,2873.2,765.0
179,trip_completion,58.376594,26.7708518,2896.0,2873.2,765.0
179,rider_dropoff_presence,58.376594,26.7708518,2952.04,2873.2,765.0
18,driver_arrival,58.3842166,26.7396574,211.0,2096.2,233.0
18,rider_pickup_presence,58.3842166,26.7396574,298.49,2096.2,233.0
18,trip_completion,58.3667889,26.7259486,444.0,2096.2,233.0
18,rider_dropoff_presence,58.3667889,26.7259486,524.8,2096.2,233.0
180,driver_arrival,58.3823236,26.7373683,2146.0,1215.3,321.0
180,rider_pickup_presence,58.3823236,26.7373683,2264.1,1215.3,321.0
180,trip_completion,58.3759265,26.7204662,2467.0,1215.3,321.0
180,rider_dropoff_presence,58.3759265,26.7204662,2478.81,1215.3,321.0
181,driver_arrival,58.3872122,26.7093644,2152.0,1485.0,285.0
181,rider_pickup_presence,58.3872122,26.7093644,2200.31,1485.0,285.0
181,trip_completion,58.3748687,26.7190881,2437.0,1485.0,285.0
181,rider_dropoff_presence,58.3748687,26.7190881,2477.72,1485.0,285.0
182,driver_arrival,58.384931,26.7507912,2156.0,1801.5,835.0
182,rider_pickup_presence,58.384931,26.7507912,2259.4,1801.5,835.0
182,trip_completion,58.3722358,26.7699884,2991.0,1801.5,835.0
182,rider_dropoff_presence,58.3722358,26.7699884,3020.84,1801.5,835.0
183,driver_arrival,58.380377,26.7083479,2165.0,1022.6,177.0
183,rider_pickup_presence,58.380377,26.7083479,2187.83,1022.6,177.0
183,trip_completion,58.3713228,26.7114204,2342.0,1022.6,177.0
183,rider_dropoff_presence,58.3713228,26.7114204,2395.83,1022.6,177.0
184,driver_arrival,58.3825086,26.6983495,2174.0,3854.2,961.0
184,rider_pickup_presence,58.3825086,26.6983495,2224.63,3854.2,961.0
184,trip_completion,58.3720599,26.7613825,3135.0,3854.2,961.0
184,rider_dropoff_presence,58.3720599,26.7613825,3168.43,3854.2,961.0
185,driver_arrival,58.3624587,26.7123477,2180.0,3540.8,973.0
185,rider_pickup_presence,58.3624587,26.7123477,2209.98,3540.8,973.0
185,trip_completion,58.3801021,26.7628962,3153.0,3540.8,973.0
185,rider_dropoff_presence,58.3801021,26.7628962,3263.79,3540.8,973.0
186,driver_arrival,58.3630685,26.7732764,2188.0,3404.7,729.0
186,rider_pickup_presence,58.3630685,26.7732764,2241.18,3404.7,729.0
186,trip_completion,58.3772812,26.7215625,2917.0,3404.7,729.0
186,rider_dropoff_presence,58.3772812,26.7215625,3020.36,3404.7,729.0
187,driver_arrival,58.380212,26.7792494,2194.0,3759.0,566.0
187,rider_pickup_presence,58.380212,26.7792494,2260.04,3759.0,566.0
187,trip_completion,58.3900853,26.7175723,2760.0,3759.0,566.0
187,rider_dropoff_presence,58.3900853,26.7175723,2766.07,3759.0,566.0
188,driver_arrival,58.3713077,26.7245147,2227.0,1837.0,1122.0
188,rider_pickup_presence,58.3713077,26.7245147,2346.91,1837.0,1122.0
188,trip_completion,58.3668151,26.694201,3349.0,1837.0,1122.0
188,rider_dropoff_presence,58.3668151,26.694201,3449.32,1837.0,1122.0
189,driver_arrival,58.3714341,26.7399805,2242.0,3347.7,685.0
189,rider_pickup_presence,58.3714341,26.7399805,2358.28,3347.7,685.0
189,trip_completion,58.3772016,26.683629,2927.0,3347.7,685.0
189,rider_dropoff_presence,58.3772016,26.683629,3038.16,3347.7,685.0
19,driver_arrival,58.3887706,26.7114739,219.0,3713.2,616.0
19,rider_pickup_presence,58.3887706,26.7114739,320.84,3713.2,616.0
19,trip_completion,58.3743079,26.7688867,835.0,3713.2,616.0
19,rider_dropoff_presence,58.3743079,26.7688867,854.96,3713.2,616.0
190,driver_arrival,58.3613909,26.7382792,2257.0,2904.2,631.0
190,rider_pickup_presence,58.3613909,26.7382792,2315.28,2904.2,631.0
190,trip_completion,58.3696325,26.6910266,2888.0,2904.2,631.0
190,rider_dropoff_presence,58.3696325,26.6910266,2913.65,2904.2,631.0
191,driver_arrival,58.3751837,26.7214822,2279.0,789.9,474.0
191,rider_pickup_presence,58.3751837,26.7214822,2327.12,789.9,474.0
191,trip_completion,58.3810172,26.7292148,2753.0,789.9,474.0
191,rider_dropoff_presence,58.3810172,26.7292148,2760.04,789.9,474.0
192,driver_arrival,58.3714217,26.7250635,2313.0,421.0,127.0
192,rider_pickup_presence,58.3714217,26.7250635,2358.48,421.0,127.0
192,trip_completion,58.368161,26.7287314,2440.0,421.0,127.0
192,rider_dropoff_presence,58.368161,26.7287314,2558.24,421.0,127.0
193,driver_arrival,58.3676134,26.7250933,2320.0,2580.9,696.0
193,rider_pickup_presence,58.3676134,26.7250933,2351.82,2580.9,696.0
193,trip_completion,58.3905444,26.7182451,3016.0,2580.9,696.0
193,rider_dropoff_presence,58.3905444,26.7182451,3110.09,2580.9,696.0
194,driver_arrival,58.3823933,26.7146889,2337.0,1633.5,431.0
194,rider_pickup_presence,58.3823933,26.7146889,2391.6,1633.5,431.0
194,trip_completion,58.3707159,26.7316871,2768.0,1633.5,431.0
194,rider_dropoff_presence,58.3707159,26.7316871,2818.76,1633.5,431.0
195,driver_arrival,58.3894821,26.7100409,2359.0,2551.9,507.0
195,rider_pickup_presence,58.3894821,26.7100409,2473.88,2551.9,507.0
195,trip_completion,58.3836728,26.7523961,2866.0,2551.9,507.0
195,rider_dropoff_presence,58.3836728,26.7523961,2985.45,2551.9,507.0
196,driver_arrival,58.3829991,26.7092365,2370.0,781.1,130.0
196,rider_pickup_presence,58.3829991,26.7092365,2436.69,781.1,130.0
196,trip_completion,58.3761664,26.706129,2500.0,781.1,130.0
196,rider_dropoff_presence,58.3761664,26.706129,2586.21,781.1,130.0
197,driver_arrival,58.3827095,26.7337492,2392.0,1217.1,198.0
197,rider_pickup_presence,58.3827095,26.7337492,2410.58,1217.1,198.0
197,trip_completion,58.3878154,26.7152799,2590.0,1217.1,198.0
197,rider_dropoff_presence,58.3878154,26.7152799,2625.6,1217.1,198.0
198,driver_arrival,58.3782943,26.6838607,2395.0,4349.8,740.0
198,rider_pickup_presence,58.3782943,26.6838607,2511.25,4349.8,740.0
198,trip_completion,58.3829165,26.7579528,3135.0,4349.8,740.0
198,rider_dropoff_presence,58.3829165,26.7579528,3204.5,4349.8,740.0
199,driver_arrival,58.376801,26.6957909,2402.0,1688.3,339.0
199,rider_pickup_presence,58.376801,26.6957909,2467.06,1688.3,339.0
199,trip_completion,58.3772839,26.7247338,2741.0,1688.3,339.0
199,rider_dropoff_presence,58.3772839,26.7247338,2830.76,1688.3,339.0
2,driver_arrival,58.377946,26.7290424,12.0,1752.6,225.0
2,rider_pickup_presence,58.377946,26.7290424,18.86,1752.6,225.0
2,trip_completion,58.3828827,26.7575926,237.0,1752.6,225.0
2,rider_dropoff_presence,58.3828827,26.7575926,307.1,1752.6,225.0
20,driver_arrival,58.377827,26.7468186,227.0,955.3,219.0
20,rider_pickup_presence,58.377827,26.7468186,287.34,955.3,219.0
20,trip_completion,58.3703969,26.7385947,446.0,955.3,219.0
20,rider_dropoff_presence,58.3703969,26.7385947,548.33,955.3,219.0
200,driver_arrival,58.3800997,26.742082,2445.0,1336.7,159.0
200,rider_pickup_presence,58.3800997,26.742082,2463.89,1336.7,159.0
200,trip_completion,58.382332,26.764613,2604.0,1336.7,159.0
200,rider_dropoff_presence,58.382332,26.764613,2719.29,1336.7,159.0
201,driver_arrival,58.3843697,26.753023,2445.0,3381.0,564.0
201,rider_pickup_presence,58.3843697,26.753023,2454.61,3381.0,564.0
201,trip_completion,58.3704688,26.7014475,3009.0,3381.0,564.0
201,rider_dropoff_presence,58.3704688,26.7014475,3031.3,3381.0,564.0
202,driver_arrival,58.363965,26.680681,2464.0,2328.6,327.0
202,rider_pickup_presence,58.363965,26.680681,2535.4,2328.6,327.0
202,trip_completion,58.383957,26.6925722,2791.0,2328.6,327.0
202,rider_dropoff_presence,58.383957,26.6925722,2872.03,2328.6,327.0
203,driver_arrival,58.3755175,26.7299717,2487.0,300.6,46.0
203,rider_pickup_presence,58.3755175,26.7299717,2515.22,300.6,46.0
203,trip_completion,58.3729189,26.7313946,2533.0,300.6,46.0
203,rider_dropoff_presence,58.3729189,26.7313946,2547.39,300.6,46.0
204,driver_arrival,58.3855332,26.757404,2499.0,3170.7,490.0
204,rider_pickup_presence,58.3855332,26.757404,2605.83,3170.7,490.0
204,trip_completion,58.3777667,26.7050687,2989.0,3170.7,490.0
204,rider_dropoff_presence,58.3777667,26.7050687,3018.55,3170.7,490.0
205,driver_arrival,58.3720334,26.6838522,2523.0,2729.8,938.0
205,rider_pickup_presence,58.3720334,26.6838522,2594.34,2729.8,938.0
205,trip_completion,58.3734923,26.7305848,3461.0,2729.8,938.0
205,rider_dropoff_presence,58.3734923,26.7305848,3535.33,2729.8,938.0
206,driver_arrival,58.3819343,26.748548,2526.0,3285.3,916.0
206,rider_pickup_presence,58.3819343,26.748548,2576.31,3285.3,916.0
206,trip_completion,58.3717196,26.6956741,3442.0,3285.3,916.0
206,rider_dropoff_presence,58.3717196,26.6956741,3512.04,3285.3,916.0
207,driver_arrival,58.3716823,26.7783565,2562.0,5566.7,964.0
207,rider_pickup_presence,58.3716823,26.7783565,2624.73,5566.7,964.0
207,trip_completion,58.3803794,26.6843309,3526.0,5566.7,964.0
207,rider_dropoff_presence,58.3803794,26.6843309,3638.16,5566.7,964.0
208,driver_arrival,58.3819267,26.684507,2570.0,3265.1,430.0
208,rider_pickup_presence,58.3819267,26.684507,2594.51,3265.1,430.0
208,trip_completion,58.3597773,26.7212675,3000.0,3265.1,430.0
208,rider_dropoff_presence,58.3597773,26.7212675,3085.94,3265.1,430.0
209,driver_arrival,58.3826659,26.7132364,2588.0,3536.4,483.0
209,rider_pickup_presence,58.3826659,26.7132364,2616.64,3536.4,483.0
209,trip_completion,58.3690001,26.7680062,3071.0,3536.4,483.0
209,rider_dropoff_presence,58.3690001,26.7680062,3118.49,3536.4,483.0
21,driver_arrival,58.3836036,26.7582591,261.0,1397.0,155.0
21,rider_pickup_presence,58.3836036,26.7582591,341.6,1397.0,155.0
21,trip_completion,58.3828857,26.7343329,416.0,1397.0,155.0
21,rider_dropoff_presence,58.3828857,26.7343329,452.0,1397.0,155.0
210,driver_arrival,58.3737806,26.7362491,2597.0,908.1,516.0
210,rider_pickup_presence,58.3737806,26.7362491,2634.94,908.1,516.0
210,trip_completion,58.3760853,26.7511914,3113.0,908.1,516.0
210,rider_dropoff_presence,58.3760853,26.7511914,3203.22,908.1,516.0
211,driver_arrival,58.3712661,26.6804505,2601.0,4926.8,1201.0
211,rider_pickup_presence,58.3712661,26.6804505,2609.71,4926.8,1201.0
211,trip_completion,58.3748446,26.7646686,3802.0,4926.8,1201.0
211,rider_dropoff_presence,58.3748446,26.7646686,3856.99,4926.8,1201.0
212,driver_arrival,58.3784367,26.758465,2617.0,2760.4,600.0
212,rider_pickup_presence,58.3784367,26.758465,2736.81,2760.4,600.0
212,trip_completion,58.3637059,26.720361,3217.0,2760.4,600.0
212,rider_dropoff_presence,58.3637059,26.720361,3336.53,2760.4,600.0
213,driver_arrival,58.3608605,26.7057886,2622.0,2861.9,857.0
213,rider_pickup_presence,58.3608605,26.7057886,2630.79,2861.9,857.0
213,trip_completion,58.3722856,26.7497621,3479.0,2861.9,857.0
213,rider_dropoff_presence,58.3722856,26.7497621,3504.58,2861.9,857.0
214,driver_arrival,58.3624157,26.7592548,2649.0,1308.7,514.0
214,rider_pickup_presence,58.3624157,26.7592548,2680.82,1308.7,514.0
214,trip_completion,58.3735979,26.766256,3163.0,1308.7,514.0
214,rider_dropoff_presence,58.3735979,26.766256,3274.99,1308.7,514.0
215,driver_arrival,58.3791125,26.7443703,2654.0,1415.1,187.0
215,rider_pickup_presence,58.3791125,26.7443703,2759.7,1415.1,187.0
215,trip_completion,58.3879557,26.7269122,2841.0,1415.1,187.0
215,rider_dropoff_presence,58.3879557,26.7269122,2946.51,1415.1,187.0
216,driver_arrival,58.3772373,26.6834394,2658.0,2556.6,772.0
216,rider_pickup_presence,58.3772373,26.6834394,2702.34,2556.6,772.0
216,trip_completion,58.379097,26.7271469,3430.0,2556.6,772.0
216,rider_dropoff_presence,58.379097,26.7271469,3448.93,2556.6,772.0
217,driver_arrival,58.374501,26.7292965,2667.0,2057.0,358.0
217,rider_pickup_presence,58.374501,26.7292965,2767.05,2057.0,358.0
217,trip_completion,58.3884259,26.7060681,3025.0,2057.0,358.0
217,rider_dropoff_presence,58.3884259,26.7060681,3109.42,2057.0,358.0
218,driver_arrival,58.3828659,26.7581511,2675.0,1421.4,282.0
218,rider_pickup_presence,58.3828659,26.7581511,2748.4,1421.4,282.0
218,trip_completion,58.3847839,26.7340421,2957.0,1421.4,282.0
218,rider_dropoff_presence,58.3847839,26.7340421,3075.47,1421.4,282.0
219,driver_arrival,58.3879737,26.7096098,2682.0,703.6,206.0
219,rider_pickup_presence,58.3879737,26.7096098,2760.48,703.6,206.0
219,trip_completion,58.3821184,26.7141881,2888.0,703.6,206.0
219,rider_dropoff_presence,58.3821184,26.7141881,2888.94,703.6,206.0
22,driver_arrival,58.3779155,26.7219919,269.0,877.1,258.0
22,rider_pickup_presence,58.3779155,26.7219919,367.05,877.1,258.0
22,trip_completion,58.3736949,26.7347011,527.0,877.1,258.0
22,rider_dropoff_presence,58.3736949,26.7347011,562.93,877.1,258.0
220,driver_arrival,58.3784313,26.7333973,2699.0,1590.9,449.0
220,rider_pickup_presence,58.3784313,26.7333973,2778.61,1590.9,449.0
220,trip_completion,58.3737808,26.7075922,3148.0,1590.9,449.0
220,rider_dropoff_presence,58.3737808,26.7075922,3260.67,1590.9,449.0
221,driver_arrival,58.3748732,26.7666186,2716.0,427.6,203.0
221,rider_pickup_presence,58.3748732,26.7666186,2732.11,427.6,203.0
221,trip_completion,58.3710447,26.7659274,2919.0,427.6,203.0
221,rider_dropoff_presence,58.3710447,26.7659274,2932.85,427.6,203.0
222,driver_arrival,58.3860662,26.7118346,2717.0,1163.2,260.0
222,rider_pickup_presence,58.3860662,26.7118346,2729.84,1163.2,260.0
222,trip_completion,58.3826871,26.6929493,2977.0,1163.2,260.0
222,rider_dropoff_presence,58.3826871,26.6929493,3043.39,1163.2,260.0
223,driver_arrival,58.3687484,26.7733015,2734.0,3929.0,673.0
223,rider_pickup_presence,58.3687484,26.7733015,2766.68,3929.0,673.0
223,trip_completion,58.3866918,26.7152469,3407.0,3929.0,673.0
223,rider_dropoff_presence,58.3866918,26.7152469,3479.58,3929.0,673.0
224,driver_arrival,58.3782773,26.6813339,2739.0,1507.3,204.0
224,rider_pickup_presence,58.3782773,26.6813339,2825.11,1507.3,204.0
224,trip_completion,58.3752528,26.7065352,2943.0,1507.3,204.0
224,rider_dropoff_presence,58.3752528,26.7065352,2967.43,1507.3,204.0
225,driver_arrival,58.3827182,26.7470321,2741.0,2984.0,932.0
225,rider_pickup_presence,58.3827182,26.7470321,2817.11,2984.0,932.0
225,trip_completion,58.3711434,26.7008556,3673.0,2984.0,932.0
225,rider_dropoff_presence,58.3711434,26.7008556,3704.68,2984.0,932.0
226,driver_arrival,58.3884654,26.6947941,2760.0,1491.5,140.0
226,rider_pickup_presence,58.3884654,26.6947941,2818.62,1491.5,140.0
226,trip_completion,58.3832069,26.7183337,2900.0,1491.5,140.0
226,rider_dropoff_presence,58.3832069,26.7183337,3008.64,1491.5,140.0
227,driver_arrival,58.381405,26.6947027,2764.0,2888.4,592.0
227,rider_pickup_presence,58.381405,26.6947027,2865.53,2888.4,592.0
227,trip_completion,58.3776456,26.7437263,3356.0,2888.4,592.0
227,rider_dropoff_presence,58.3776456,26.7437263,3367.08,2888.4,592.0
228,driver_arrival,58.3728825,26.759102,2799.0,952.5,184.0
228,rider_pickup_presence,58.3728825,26.759102,2849.83,952.5,184.0
228,trip_completion,58.3805386,26.7517756,2983.0,952.5,184.0
228,rider_dropoff_presence,58.3805386,26.7517756,3016.2,952.5,184.0
229,driver_arrival,58.3692077,26.706318,2802.0,2536.0,678.0
229,rider_pickup_presence,58.3692077,26.706318,2802.43,2536.0,678.0
229,trip_completion,58.3740984,26.7487978,3480.0,2536.0,678.0
229,rider_dropoff_presence,58.3740984,26.7487978,3572.53,2536.0,678.0
23,driver_arrival,58.3618267,26.707275,277.0,2784.5,735.0
23,rider_pickup_presence,58.3618267,26.707275,353.45,2784.5,735.0
23,trip_completion,58.3860592,26.7193128,1012.0,2784.5,735.0
23,rider_dropoff_presence,58.3860592,26.7193128,1043.43,2784.5,735.0
230,driver_arrival,58.3646352,26.6870571,2832.0,3630.8,591.0
230,rider_pickup_presence,58.3646352,26.6870571,2920.95,3630.8,591.0
230,trip_completion,58.3817063,26.7401373,3423.0,3630.8,591.0
230,rider_dropoff_presence,58.3817063,26.7401373,3489.2,3630.8,591.0
231,driver_arrival,58.3744508,26.7317502,2833.0,2399.4,399.0
231,rider_pickup_presence,58.3744508,26.7317502,2884.32,2399.4,399.0
231,trip_completion,58.3865563,26.6976782,3232.0,2399.4,399.0
231,rider_dropoff_presence,58.3865563,26.6976782,3233.16,2399.4,399.0
232,driver_arrival,58.3705966,26.7740286,2857.0,4719.5,1052.0
232,rider_pickup_presence,58.3705966,26.7740286,2866.03,4719.5,1052.0
232,trip_completion,58.3686232,26.6931851,3909.0,4719.5,1052.0
232,rider_dropoff_presence,58.3686232,26.6931851,4014.97,4719.5,1052.0
233,driver_arrival,58.3634762,26.7717239,2872.0,2960.6,348.0
233,rider_pickup_presence,58.3634762,26.7717239,2980.47,2960.6,348.0
233,trip_completion,58.380749,26.7330846,3220.0,2960.6,348.0
233,rider_dropoff_presence,58.380749,26.7330846,3285.47,2960.6,348.0
234,driver_arrival,58.3769083,26.6840132,2873.0,568.9,213.0
234,rider_pickup_presence,58.3769083,26.6840132,2973.15,568.9,213.0
234,trip_completion,58.3721451,26.6804501,3086.0,568.9,213.0
234,rider_dropoff_presence,58.3721451,26.6804501,3155.9,568.9,213.0
235,driver_arrival,58.3776119,26.7316059,2909.0,1059.2,143.0
235,rider_pickup_presence,58.3776119,26.7316059,2926.77,1059.2,143.0
235,trip_completion,58.3803967,26.7489799,3052.0,1059.2,143.0
235,rider_dropoff_presence,58.3803967,26.7489799,3067.29,1059.2,143.0
236,driver_arrival,58.3637448,26.6973447,2911.0,4365.5,970.0
236,rider_pickup_presence,58.3637448,26.6973447,2947.99,4365.5,970.0
236,trip_completion,58.3722018,26.7704454,3881.0,4365.5,970.0
236,rider_dropoff_presence,58.3722018,26.7704454,3988.88,4365.5,970.0
237,driver_arrival,58.3723692,26.7109199,2923.0,3139.0,714.0
237,rider_pickup_presence,58.3723692,26.7109199,3018.53,3139.0,714.0
237,trip_completion,58.377511,26.7638559,3637.0,3139.0,714.0
237,rider_dropoff_presence,58.377511,26.7638559,3740.28,3139.0,714.0
238,driver_arrival,58.3757468,26.6974333,2926.0,4334.7,1005.0
238,rider_pickup_presence,58.3757468,26.6974333,3033.87,4334.7,1005.0
238,trip_completion,58.3683049,26.7704042,3931.0,4334.7,1005.0
238,rider_dropoff_presence,58.3683049,26.7704042,3956.21,4334.7,1005.0
239,driver_arrival,58.3766301,26.7479855,2928.0,1747.0,335.0
239,rider_pickup_presence,58.3766301,26.7479855,2957.94,1747.0,335.0
239,trip_completion,58.3756084,26.7778864,3263.0,1747.0,335.0
239,rider_dropoff_presence,58.3756084,26.7778864,3275.34,1747.0,335.0
24,driver_arrival,58.3886545,26.7003121,281.0,323.1,80.0
24,rider_pickup_presence,58.3886545,26.7003121,374.61,323.1,80.0
24,trip_completion,58.3891281,26.7057809,361.0,323.1,80.0
24,rider_dropoff_presence,58.3891281,26.7057809,467.1,323.1,80.0
240,driver_arrival,58.3822256,26.7077592,2939.0,3945.0,930.0
240,rider_pickup_presence,58.3822256,26.7077592,2987.77,3945.0,930.0
240,trip_completion,58.3739472,26.7735576,3869.0,3945.0,930.0
240,rider_dropoff_presence,58.3739472,26.7735576,3943.48,3945.0,930.0
241,driver_arrival,58.3819938,26.73083,2940.0,1962.8,216.0
241,rider_pickup_presence,58.3819938,26.73083,2958.55,1962.8,216.0
241,trip_completion,58.3643809,26.7330644,3156.0,1962.8,216.0
241,rider_dropoff_presence,58.3643809,26.7330644,3267.59,1962.8,216.0
242,driver_arrival,58.3760714,26.7093125,2980.0,1179.3,254.0
242,rider_pickup_presence,58.3760714,26.7093125,3083.75,1179.3,254.0
242,trip_completion,58.3864197,26.7137453,3234.0,1179.3,254.0
242,rider_dropoff_presence,58.3864197,26.7137453,3351.14,1179.3,254.0
243,driver_arrival,58.3640041,26.7026914,2984.0,1207.4,288.0
243,rider_pickup_presence,58.3640041,26.7026914,3081.29,1207.4,288.0
243,trip_completion,58.3706548,26.7190567,3272.0,1207.4,288.0
243,rider_dropoff_presence,58.3706548,26.7190567,3377.77,1207.4,288.0
244,driver_arrival,58.3895148,26.6934642,2987.0,2613.6,723.0
244,rider_pickup_presence,58.3895148,26.6934642,2989.97,2613.6,723.0
244,trip_completion,58.3756752,26.7297043,3710.0,2613.6,723.0
244,rider_dropoff_presence,58.3756752,26.7297043,3798.39,2613.6,723.0
245,driver_arrival,58.3862425,26.7582041,2995.0,3891.3,644.0
245,rider_pickup_presence,58.3862425,26.7582041,3034.86,3891.3,644.0
245,trip_completion,58.3655806,26.7043371,3639.0,3891.3,644.0
245,rider_dropoff_presence,58.3655806,26.7043371,3750.7,3891.3,644.0
246,driver_arrival,58.3681857,26.7303751,2998.0,1375.9,122.0
246,rider_pickup_presence,58.3681857,26.7303751,3094.27,1375.9,122.0
246,trip_completion,58.3739563,26.7512473,3120.0,1375.9,122.0
246,rider_dropoff_presence,58.3739563,26.7512473,3223.69,1375.9,122.0
247,driver_arrival,58.3795596,26.7590159,3010.0,2784.8,482.0
247,rider_pickup_presence,58.3795596,26.7590159,3107.29,2784.8,482.0
247,trip_completion,58.3727763,26.7130383,3492.0,2784.8,482.0
247,rider_dropoff_presence,58.3727763,26.7130383,3524.02,2784.8,482.0
248,driver_arrival,58.3779599,26.7290652,3025.0,616.0,85.0
248,rider_pickup_presence,58.3779599,26.7290652,3119.48,616.0,85.0
248,trip_completion,58.3814756,26.7372317,3110.0,616.0,85.0
248,rider_dropoff_presence,58.3814756,26.7372317,3122.97,616.0,85.0
249,driver_arrival,58.3730839,26.7760645,3055.0,2961.0,815.0
249,rider_pickup_presence,58.3730839,26.7760645,3159.66,2961.0,815.0
249,trip_completion,58.3846179,26.730286,3870.0,2961.0,815.0
249,rider_dropoff_presence,58.3846179,26.730286,3973.03,2961.0,815.0
25,driver_arrival,58.3842927,26.7063789,298.0,2934.1,498.0
25,rider_pickup_presence,58.3842927,26.7063789,324.69,2934.1,498.0
25,trip_completion,58.3847428,26.756708,796.0,2934.1,498.0
25,rider_dropoff_presence,58.3847428,26.756708,893.99,2934.1,498.0
250,driver_arrival,58.3694559,26.7144593,3055.0,1904.3,416.0
250,rider_pickup_presence,58.3694559,26.7144593,3110.24,1904.3,416.0
250,trip_completion,58.367972,26.681928,3471.0,1904.3,416.0
250,rider_dropoff_presence,58.367972,26.681928,3507.62,1904.3,416.0
251,driver_arrival,58.3823651,26.7408076,3074.0,838.7,202.0
251,rider_pickup_presence,58.3823651,26.7408076,3169.44,838.7,202.0
251,trip_completion,58.378075,26.7289751,3276.0,838.7,202.0
251,rider_dropoff_presence,58.378075,26.7289751,3303.31,838.7,202.0
252,driver_arrival,58.3601673,26.7409159,3080.0,2131.3,573.0
252,rider_pickup_presence,58.3601673,26.7409159,3082.84,2131.3,573.0
252,trip_completion,58.3689865,26.7733612,3653.0,2131.3,573.0
252,rider_dropoff_presence,58.3689865,26.7733612,3676.18,2131.3,573.0
253,driver_arrival,58.3866507,26.7179385,3109.0,1382.7,292.0
253,rider_pickup_presence,58.3866507,26.7179385,3148.39,1382.7,292.0
253,trip_completion,58.388804,26.6945743,3401.0,1382.7,292.0
253,rider_dropoff_presence,58.388804,26.6945743,3504.72,1382.7,292.0
254,driver_arrival,58.3828015,26.7175293,3111.0,2515.3,485.0
254,rider_pickup_presence,58.3828015,26.7175293,3227.03,2515.3,485.0
254,trip_completion,58.364142,26.693144,3596.0,2515.3,485.0
254,rider_dropoff_presence,58.364142,26.693144,3629.49,2515.3,485.0
255,driver_arrival,58.3612275,26.7307693,3114.0,677.5,104.0
255,rider_pickup_presence,58.3612275,26.7307693,3190.98,677.5,104.0
255,trip_completion,58.3672898,26.7295991,3218.0,677.5,104.0
255,rider_dropoff_presence,58.3672898,26.7295991,3265.96,677.5,104.0
256,driver_arrival,58.3605164,26.7133375,3126.0,3442.0,902.0
256,rider_pickup_presence,58.3605164,26.7133375,3243.74,3442.0,902.0
256,trip_completion,58.362598,26.7722143,4028.0,3442.0,902.0
256,rider_dropoff_presence,58.362598,26.7722143,4092.35,3442.0,902.0
257,driver_arrival,58.3734209,26.756606,3126.0,463.2,100.0
257,rider_pickup_presence,58.3734209,26.756606,3238.71,463.2,100.0
257,trip_completion,58.3756956,26.7632615,3226.0,463.2,100.0
257,rider_dropoff_presence,58.3756956,26.7632615,3239.84,463.2,100.0
258,driver_arrival,58.3683575,26.7349454,3127.0,2681.6,283.0
258,rider_pickup_presence,58.3683575,26.7349454,3243.45,2681.6,283.0
258,trip_completion,58.3765696,26.7781856,3410.0,2681.6,283.0
258,rider_dropoff_presence,58.3765696,26.7781856,3431.43,2681.6,283.0
259,driver_arrival,58.3764601,26.7707624,3133.0,3213.2,490.0
259,rider_pickup_presence,58.3764601,26.7707624,3248.5,3213.2,490.0
259,trip_completion,58.3885995,26.720741,3623.0,3213.2,490.0
259,rider_dropoff_presence,58.3885995,26.720741,3654.86,3213.2,490.0
26,driver_arrival,58.3634455,26.7255682,313.0,699.3,114.0
26,rider_pickup_presence,58.3634455,26.7255682,326.01,699.3,114.0
26,trip_completion,58.3693512,26.7214447,427.0,699.3,114.0
26,rider_dropoff_presence,58.3693512,26.7214447,479.15,699.3,114.0
260,driver_arrival,58.3622353,26.7088441,3143.0,2705.5,642.0
260,rider_pickup_presence,58.3622353,26.7088441,3230.43,2705.5,642.0
260,trip_completion,58.3809441,26.7385071,3785.0,2705.5,642.0
260,rider_dropoff_presence,58.3809441,26.7385071,3822.64,2705.5,642.0
261,driver_arrival,58.3728977,26.7794886,3158.0,4074.1,675.0
261,rider_pickup_presence,58.3728977,26.7794886,3230.75,4074.1,675.0
261,trip_completion,58.3671102,26.7105005,3833.0,4074.1,675.0
261,rider_dropoff_presence,58.3671102,26.7105005,3894.37,4074.1,675.0
262,driver_arrival,58.3739308,26.7715416,3164.0,902.6,491.0
262,rider_pickup_presence,58.3739308,26.7715416,3210.22,902.6,491.0
262,trip_completion,58.3739108,26.756062,3655.0,902.6,491.0
262,rider_dropoff_presence,58.3739108,26.756062,3724.19,902.6,491.0
263,driver_arrival,58.3723164,26.6843637,3187.0,3211.9,1036.0
263,rider_pickup_presence,58.3723164,26.6843637,3217.57,3211.9,1036.0
263,trip_completion,58.3860514,26.7328298,4223.0,3211.9,1036.0
263,rider_dropoff_presence,58.3860514,26.7328298,4308.05,3211.9,1036.0
264,driver_arrival,58.388045,26.7366957,3188.0,2446.2,403.0
264,rider_pickup_presence,58.388045,26.7366957,3188.2,2446.2,403.0
264,trip_completion,58.3874604,26.6947408,3591.0,2446.2,403.0
264,rider_dropoff_presence,58.3874604,26.6947408,3702.07,2446.2,403.0
265,driver_arrival,58.371948,26.7727216,3193.0,1933.3,643.0
265,rider_pickup_presence,58.371948,26.7727216,3257.61,1933.3,643.0
265,trip_completion,58.385463,26.7518592,3836.0,1933.3,643.0
265,rider_dropoff_presence,58.385463,26.7518592,3922.33,1933.3,643.0
266,driver_arrival,58.3650707,26.6986575,3195.0,753.3,143.0
266,rider_pickup_presence,58.3650707,26.6986575,3284.03,753.3,143.0
266,trip_completion,58.3713686,26.7034183,3338.0,753.3,143.0
266,rider_dropoff_presence,58.3713686,26.7034183,3418.48,753.3,143.0
267,driver_arrival,58.3696739,26.7121394,3199.0,1025.7,234.0
267,rider_pickup_presence,58.3696739,26.7121394,3242.71,1025.7,234.0
267,trip_completion,58.3652257,26.6967308,3433.0,1025.7,234.0
267,rider_dropoff_presence,58.3652257,26.6967308,3441.4,1025.7,234.0
268,driver_arrival,58.3894111,26.7390674,3203.0,3079.9,575.0
268,rider_pickup_presence,58.3894111,26.7390674,3282.71,3079.9,575.0
268,trip_completion,58.3746486,26.6943642,3778.0,3079.9,575.0
268,rider_dropoff_presence,58.3746486,26.6943642,3817.62,3079.9,575.0
269,driver_arrival,58.3775196,26.7511701,3208.0,1460.3,72.0
269,rider_pickup_presence,58.3775196,26.7511701,3245.67,1460.3,72.0
269,trip_completion,58.3677809,26.7343684,3280.0,1460.3,72.0
269,rider_dropoff_presence,58.3677809,26.7343684,3381.76,1460.3,72.0
27,driver_arrival,58.3893397,26.7217805,343.0,2729.7,351.0
27,rider_pickup_presence,58.3893397,26.7217805,429.37,2729.7,351.0
27,trip_completion,58.3768556,26.7621008,694.0,2729.7,351.0
27,rider_dropoff_presence,58.3768556,26.7621008,730.04,2729.7,351.0
270,driver_arrival,58.3752654,26.6917386,3214.0,2036.5,417.0
270,rider_pickup_presence,58.3752654,26.6917386,3251.11,2036.5,417.0
270,trip_completion,58.3801197,26.7254205,3631.0,2036.5,417.0
270,rider_dropoff_presence,58.3801197,26.7254205,3680.01,2036.5,417.0
271,driver_arrival,58.3647207,26.7426368,3238.0,3250.9,734.0
271,rider_pickup_presence,58.3647207,26.7426368,3286.29,3250.9,734.0
271,trip_completion,58.3871764,26.7069324,3972.0,3250.9,734.0
271,rider_dropoff_presence,58.3871764,26.7069324,4007.48,3250.9,734.0
272,driver_arrival,58.3678869,26.6816563,3239.0,720.9,95.0
272,rider_pickup_presence,58.3678869,26.6816563,3254.27,720.9,95.0
272,trip_completion,58.367374,26.6939783,3334.0,720.9,95.0
272,rider_dropoff_presence,58.367374,26.6939783,3384.45,720.9,95.0
273,driver_arrival,58.3834613,26.7215619,3251.0,2753.8,876.0
273,rider_pickup_presence,58.3834613,26.7215619,3363.84,2753.8,876.0
273,trip_completion,58.3604042,26.7043248,4127.0,2753.8,876.0
273,rider_dropoff_presence,58.3604042,26.7043248,4208.28,2753.8,876.0
274,driver_arrival,58.3716955,26.7175269,3260.0,3183.9,774.0
274,rider_pickup_presence,58.3716955,26.7175269,3368.34,3183.9,774.0
274,trip_completion,58.3781609,26.7707227,4034.0,3183.9,774.0
274,rider_dropoff_presence,58.3781609,26.7707227,4107.86,3183.9,774.0
275,driver_arrival,58.3730236,26.7725857,3260.0,953.2,290.0
275,rider_pickup_presence,58.3730236,26.7725857,3296.11,953.2,290.0
275,trip_completion,58.3648642,26.7675729,3550.0,953.2,290.0
275,rider_dropoff_presence,58.3648642,26.7675729,3615.75,953.2,290.0
276,driver_arrival,58.3711691,26.723602,3262.0,1720.1,405.0
276,rider_pickup_presence,58.3711691,26.723602,3262.05,1720.1,405.0
276,trip_completion,58.386595,26.7257971,3667.0,1720.1,405.0
276,rider_dropoff_presence,58.386595,26.7257971,3701.43,1720.1,405.0
277,driver_arrival,58.3796343,26.7706136,3280.0,4166.8,423.0
277,rider_pickup_presence,58.3796343,26.7706136,3331.59,4166.8,423.0
277,trip_completion,58.3668604,26.7034334,3703.0,4166.8,423.0
277,rider_dropoff_presence,58.3668604,26.7034334,3772.6,4166.8,423.0
278,driver_arrival,58.3697326,26.7075798,3281.0,1248.8,474.0
278,rider_pickup_presence,58.3697326,26.7075798,3359.56,1248.8,474.0
278,trip_completion,58.3769716,26.7239534,3755.0,1248.8,474.0
278,rider_dropoff_presence,58.3769716,26.7239534,3810.8,1248.8,474.0
279,driver_arrival,58.371372,26.7249347,3285.0,2273.7,385.0
279,rider_pickup_presence,58.371372,26.7249347,3338.06,2273.7,385.0
279,trip_completion,58.3795651,26.7606648,3670.0,2273.7,385.0
279,rider_dropoff_presence,58.3795651,26.7606648,3695.64,2273.7,385.0
28,driver_arrival,58.3881171,26.6788968,371.0,3378.7,360.0
28,rider_pickup_presence,58.3881171,26.6788968,427.78,3378.7,360.0
28,trip_completion,58.3704268,26.7260165,731.0,3378.7,360.0
28,rider_dropoff_presence,58.3704268,26.7260165,839.14,3378.7,360.0
280,driver_arrival,58.3667552,26.7269972,3294.0,849.4,95.0
280,rider_pickup_presence,58.3667552,26.7269972,3389.52,849.4,95.0
280,trip_completion,58.3613502,26.7372881,3389.0,849.4,95.0
280,rider_dropoff_presence,58.3613502,26.7372881,3409.36,849.4,95.0
281,driver_arrival,58.372864,26.7586157,3296.0,2602.3,470.0
281,rider_pickup_presence,58.372864,26.7586157,3306.18,2602.3,470.0
281,trip_completion,58.3665412,26.7156496,3766.0,2602.3,470.0
281,rider_dropoff_presence,58.3665412,26.7156496,3827.85,2602.3,470.0
282,driver_arrival,58.3673618,26.6996027,3326.0,2397.3,516.0
282,rider_pickup_presence,58.3673618,26.6996027,3401.95,2397.3,516.0
282,trip_completion,58.3638303,26.7401532,3842.0,2397.3,516.0
282,rider_dropoff_presence,58.3638303,26.7401532,3882.22,2397.3,516.0
283,driver_arrival,58.3659359,26.7316982,3326.0,506.4,94.0
283,rider_pickup_presence,58.3659359,26.7316982,3424.21,506.4,94.0
283,trip_completion,58.364089,26.723762,3420.0,506.4,94.0
283,rider_dropoff_presence,58.364089,26.723762,3510.14,506.4,94.0
285,driver_arrival,58.3745426,26.761507,3355.0,3680.5,654.0
285,rider_pickup_presence,58.3745426,26.761507,3435.74,3680.5,654.0
285,trip_completion,58.38659,26.7027035,4009.0,3680.5,654.0
285,rider_dropoff_presence,58.38659,26.7027035,4035.96,3680.5,654.0
286,driver_arrival,58.3769365,26.7707705,3358.0,489.4,305.0
286,rider_pickup_presence,58.3769365,26.7707705,3381.9,489.4,305.0
286,trip_completion,58.3746818,26.7779793,3663.0,489.4,305.0
286,rider_dropoff_presence,58.3746818,26.7779793,3665.93,489.4,305.0
287,driver_arrival,58.3876882,26.7047027,3397.0,733.8,192.0
287,rider_pickup_presence,58.3876882,26.7047027,3426.38,733.8,192.0
287,trip_completion,58.3852377,26.6930134,3589.0,733.8,192.0
287,rider_dropoff_presence,58.3852377,26.6930134,3646.02,733.8,192.0
288,driver_arrival,58.3717605,26.6905181,3412.0,2653.9,416.0
288,rider_pickup_presence,58.3717605,26.6905181,3513.97,2653.9,416.0
288,trip_completion,58.3863064,26.7266084,3828.0,2653.9,416.0
288,rider_dropoff_presence,58.3863064,26.7266084,3836.74,2653.9,416.0
289,driver_arrival,58.3679542,26.7579496,3428.0,1548.7,167.0
289,rider_pickup_presence,58.3679542,26.7579496,3477.73,1548.7,167.0
289,trip_completion,58.3818744,26.7588419,3595.0,1548.7,167.0
289,rider_dropoff_presence,58.3818744,26.7588419,3670.57,1548.7,167.0
29,driver_arrival,58.3888088,26.7373574,408.0,2607.0,449.0
29,rider_pickup_presence,58.3888088,26.7373574,431.33,2607.0,449.0
29,trip_completion,58.381929,26.6946008,857.0,2607.0,449.0
29,rider_dropoff_presence,58.381929,26.6946008,940.56,2607.0,449.0
290,driver_arrival,58.3772673,26.7214322,3442.0,1929.7,586.0
290,rider_pickup_presence,58.3772673,26.7214322,3501.33,1929.7,586.0
290,trip_completion,58.3811844,26.7536776,4028.0,1929.7,586.0
290,rider_dropoff_presence,58.3811844,26.7536776,4057.28,1929.7,586.0
291,driver_arrival,58.3734565,26.7645832,3447.0,2495.1,624.0
291,rider_pickup_presence,58.3734565,26.7645832,3525.73,2495.1,624.0
291,trip_completion,58.3604359,26.7297398,4071.0,2495.1,624.0
291,rider_dropoff_presence,58.3604359,26.7297398,4071.67,2495.1,624.0
292,driver_arrival,58.3853609,26.7404579,3454.0,721.0,197.0
292,rider_pickup_presence,58.3853609,26.7404579,3544.12,721.0,197.0
292,trip_completion,58.383527,26.7523227,3651.0,721.0,197.0
292,rider_dropoff_presence,58.383527,26.7523227,3743.41,721.0,197.0
293,driver_arrival,58.3750512,26.7494977,3513.0,1450.9,631.0
293,rider_pickup_presence,58.3750512,26.7494977,3525.79,1450.9,631.0
293,trip_completion,58.3722372,26.7737958,4144.0,1450.9,631.0
293,rider_dropoff_presence,58.3722372,26.7737958,4195.02,1450.9,631.0
294,driver_arrival,58.3740263,26.7561875,3515.0,2051.1,295.0
294,rider_pickup_presence,58.3740263,26.7561875,3536.11,2051.1,295.0
294,trip_completion,58.3613104,26.7307093,3810.0,2051.1,295.0
294,rider_dropoff_presence,58.3613104,26.7307093,3924.96,2051.1,295.0
295,driver_arrival,58.3712497,26.7733508,3518.0,3672.7,782.0
295,rider_pickup_presence,58.3712497,26.7733508,3580.15,3672.7,782.0
295,trip_completion,58.3835538,26.7148907,4300.0,3672.7,782.0
295,rider_dropoff_presence,58.3835538,26.7148907,4306.03,3672.7,782.0
296,driver_arrival,58.3782329,26.7767386,3518.0,4920.5,597.0
296,rider_pickup_presence,58.3782329,26.7767386,3547.9,4920.5,597.0
296,trip_completion,58.376153,26.6924351,4115.0,4920.5,597.0
296,rider_dropoff_presence,58.376153,26.6924351,4216.8,4920.5,597.0
297,driver_arrival,58.3762981,26.6813861,3527.0,1691.8,264.0
297,rider_pickup_presence,58.3762981,26.6813861,3581.78,1691.8,264.0
297,trip_completion,58.3762441,26.7104022,3791.0,1691.8,264.0
297,rider_dropoff_presence,58.3762441,26.7104022,3887.17,1691.8,264.0
298,driver_arrival,58.3826572,26.7143347,3575.0,1882.3,372.0
298,rider_pickup_presence,58.3826572,26.7143347,3655.11,1882.3,372.0
298,trip_completion,58.378119,26.6832287,3947.0,1882.3,372.0
298,rider_dropoff_presence,58.378119,26.6832287,4065.55,1882.3,372.0
299,driver_arrival,58.3656954,26.7345282,3589.0,518.4,84.0
299,rider_pickup_presence,58.3656954,26.7345282,3660.45,518.4,84.0
299,trip_completion,58.3678264,26.726622,3673.0,518.4,84.0
299,rider_dropoff_presence,58.3678264,26.726622,3787.0,518.4,84.0
3,driver_arrival,58.3690188,26.7417046,31.0,1493.2,545.0
3,rider_pickup_presence,58.3690188,26.7417046,137.97,1493.2,545.0
3,trip_completion,58.3713417,26.7669254,576.0,1493.2,545.0
3,rider_dropoff_presence,58.3713417,26.7669254,649.52,1493.2,545.0
30,driver_arrival,58.3863214,26.7581085,448.0,4714.5,606.0
30,rider_pickup_presence,58.3863214,26.7581085,534.31,4714.5,606.0
30,trip_completion,58.3742615,26.6805783,1054.0,4714.5,606.0
30,rider_dropoff_presence,58.3742615,26.6805783,1114.57,4714.5,606.0
31,driver_arrival,58.3757583,26.6979624,469.0,2695.1,338.0
31,rider_pickup_presence,58.3757583,26.6979624,568.67,2695.1,338.0
31,trip_completion,58.3621069,26.7361496,807.0,2695.1,338.0
31,rider_dropoff_presence,58.3621069,26.7361496,872.74,2695.1,338.0
32,driver_arrival,58.3812534,26.7183044,487.0,2699.1,460.0
32,rider_pickup_presence,58.3812534,26.7183044,594.66,2699.1,460.0
32,trip_completion,58.3601252,26.7410919,947.0,2699.1,460.0
32,rider_dropoff_presence,58.3601252,26.7410919,1036.24,2699.1,460.0
33,driver_arrival,58.3820395,26.7281654,495.0,1950.1,624.0
33,rider_pickup_presence,58.3820395,26.7281654,551.96,1950.1,624.0
33,trip_completion,58.3817858,26.6947166,1119.0,1950.1,624.0
33,rider_dropoff_presence,58.3817858,26.6947166,1150.1,1950.1,624.0
34,driver_arrival,58.3789557,26.76118,505.0,487.0,79.0
34,rider_pickup_presence,58.3789557,26.76118,534.67,487.0,79.0
34,trip_completion,58.3820863,26.7670231,584.0,487.0,79.0
34,rider_dropoff_presence,58.3820863,26.7670231,660.52,487.0,79.0
35,driver_arrival,58.3872334,26.7135091,523.0,2846.9,413.0
35,rider_pickup_presence,58.3872334,26.7135091,614.9,2846.9,413.0
35,trip_completion,58.3646036,26.7363458,936.0,2846.9,413.0
35,rider_dropoff_presence,58.3646036,26.7363458,998.56,2846.9,413.0
36,driver_arrival,58.3789457,26.7084655,529.0,3294.9,484.0
36,rider_pickup_presence,58.3789457,26.7084655,604.21,3294.9,484.0
36,trip_completion,58.3822663,26.7646291,1013.0,3294.9,484.0
36,rider_dropoff_presence,58.3822663,26.7646291,1045.95,3294.9,484.0
37,driver_arrival,58.3617435,26.6963811,539.0,2549.2,827.0
37,rider_pickup_presence,58.3617435,26.6963811,548.3,2549.2,827.0
37,trip_completion,58.3808225,26.7206213,1366.0,2549.2,827.0
37,rider_dropoff_presence,58.3808225,26.7206213,1400.29,2549.2,827.0
38,driver_arrival,58.3733964,26.6904971,544.0,4031.0,866.0
38,rider_pickup_presence,58.3733964,26.6904971,576.61,4031.0,866.0
38,trip_completion,58.3738023,26.7596262,1410.0,4031.0,866.0
38,rider_dropoff_presence,58.3738023,26.7596262,1448.37,4031.0,866.0
39,driver_arrival,58.3700292,26.7734889,556.0,2533.5,404.0
39,rider_pickup_presence,58.3700292,26.7734889,620.82,2533.5,404.0
39,trip_completion,58.3702402,26.7300453,960.0,2533.5,404.0
39,rider_dropoff_presence,58.3702402,26.7300453,976.6,2533.5,404.0
4,driver_arrival,58.384884,26.717006,49.0,1543.9,359.0
4,rider_pickup_presence,58.384884,26.717006,76.75,1543.9,359.0
4,trip_completion,58.3795914,26.7414907,408.0,1543.9,359.0
4,rider_dropoff_presence,58.3795914,26.7414907,491.27,1543.9,359.0
40,driver_arrival,58.3809447,26.7419948,557.0,2686.7,611.0
40,rider_pickup_presence,58.3809447,26.7419948,641.77,2686.7,611.0
40,trip_completion,58.363749,26.7096251,1168.0,2686.7,611.0
40,rider_dropoff_presence,58.363749,26.7096251,1175.71,2686.7,611.0
41,driver_arrival,58.3861782,26.7147625,585.0,2157.0,521.0
41,rider_pickup_presence,58.3861782,26.7147625,633.91,2157.0,521.0
41,trip_completion,58.3672397,26.7227735,1106.0,2157.0,521.0
41,rider_dropoff_presence,58.3672397,26.7227735,1171.11,2157.0,521.0
42,driver_arrival,58.3774697,26.6848502,591.0,4673.2,1201.0
42,rider_pickup_presence,58.3774697,26.6848502,640.89,4673.2,1201.0
42,trip_completion,58.3734313,26.7646292,1792.0,4673.2,1201.0
42,rider_dropoff_presence,58.3734313,26.7646292,1816.82,4673.2,1201.0
43,driver_arrival,58.3717084,26.765838,623.0,3193.4,761.0
43,rider_pickup_presence,58.3717084,26.765838,673.42,3193.4,761.0
43,trip_completion,58.3624258,26.7140205,1384.0,3193.4,761.0
43,rider_dropoff_presence,58.3624258,26.7140205,1492.58,3193.4,761.0
44,driver_arrival,58.3839676,26.7324251,654.0,985.5,232.0
44,rider_pickup_presence,58.3839676,26.7324251,724.09,985.5,232.0
44,trip_completion,58.3772395,26.7214216,886.0,985.5,232.0
44,rider_dropoff_presence,58.3772395,26.7214216,969.46,985.5,232.0
45,driver_arrival,58.3662918,26.7231807,660.0,1778.5,615.0
45,rider_pickup_presence,58.3662918,26.7231807,762.81,1778.5,615.0
45,trip_completion,58.3767891,26.7461922,1275.0,1778.5,615.0
45,rider_dropoff_presence,58.3767891,26.7461922,1366.87,1778.5,615.0
46,driver_arrival,58.3781214,26.7557515,666.0,1467.6,157.0
46,rider_pickup_presence,58.3781214,26.7557515,711.65,1467.6,157.0
46,trip_completion,58.3742256,26.7798012,823.0,1467.6,157.0
46,rider_dropoff_presence,58.3742256,26.7798012,823.71,1467.6,157.0
47,driver_arrival,58.3723179,26.7659193,666.0,1424.3,398.0
47,rider_pickup_presence,58.3723179,26.7659193,708.21,1424.3,398.0
47,trip_completion,58.3599379,26.7596501,1064.0,1424.3,398.0
47,rider_dropoff_presence,58.3599379,26.7596501,1154.42,1424.3,398.0
48,driver_arrival,58.3730034,26.7342392,689.0,1693.8,302.0
48,rider_pickup_presence,58.3730034,26.7342392,791.41,1693.8,302.0
48,trip_completion,58.3841077,26.7143505,991.0,1693.8,302.0
48,rider_dropoff_presence,58.3841077,26.7143505,1105.41,1693.8,302.0
49,driver_arrival,58.3707096,26.6898054,690.0,2623.3,788.0
49,rider_pickup_presence,58.3707096,26.6898054,740.28,2623.3,788.0
49,trip_completion,58.3682878,26.7345531,1478.0,2623.3,788.0
49,rider_dropoff_presence,58.3682878,26.7345531,1567.7,2623.3,788.0
5,driver_arrival,58.379602,26.7079341,62.0,2215.7,355.0
5,rider_pickup_presence,58.379602,26.7079341,127.54,2215.7,355.0
5,trip_completion,58.35975,26.7112151,417.0,2215.7,355.0
5,rider_dropoff_presence,58.35975,26.7112151,489.39,2215.7,355.0
50,driver_arrival,58.3681633,26.6830397,694.0,4170.4,1089.0
50,rider_pickup_presence,58.3681633,26.6830397,720.46,4170.4,1089.0
50,trip_completion,58.3830893,26.7486598,1783.0,4170.4,1089.0
50,rider_dropoff_presence,58.3830893,26.7486598,1809.33,4170.4,1089.0
51,driver_arrival,58.3717958,26.7690865,721.0,3764.5,740.0
51,rider_pickup_presence,58.3717958,26.7690865,773.3,3764.5,740.0
51,trip_completion,58.3872125,26.7115967,1461.0,3764.5,740.0
51,rider_dropoff_presence,58.3872125,26.7115967,1464.48,3764.5,740.0
52,driver_arrival,58.3830598,26.7108528,746.0,423.4,196.0
52,rider_pickup_presence,58.3830598,26.7108528,786.34,423.4,196.0
52,trip_completion,58.3845962,26.7174979,942.0,423.4,196.0
52,rider_dropoff_presence,58.3845962,26.7174979,1023.5,423.4,196.0
53,driver_arrival,58.3858955,26.6943359,757.0,2220.4,369.0
53,rider_pickup_presence,58.3858955,26.6943359,805.52,2220.4,369.0
53,trip_completion,58.3822274,26.731779,1126.0,2220.4,369.0
53,rider_dropoff_presence,58.3822274,26.731779,1145.81,2220.4,369.0
54,driver_arrival,58.3863803,26.7258709,772.0,2892.0,528.0
54,rider_pickup_presence,58.3863803,26.7258709,828.09,2892.0,528.0
54,trip_completion,58.3631725,26.7034796,1300.0,2892.0,528.0
54,rider_dropoff_presence,58.3631725,26.7034796,1315.32,2892.0,528.0
55,driver_arrival,58.3609015,26.7083515,772.0,1558.9,171.0
55,rider_pickup_presence,58.3609015,26.7083515,846.67,1558.9,171.0
55,trip_completion,58.3673834,26.6846519,943.0,1558.9,171.0
55,rider_dropoff_presence,58.3673834,26.6846519,946.24,1558.9,171.0
56,driver_arrival,58.3672409,26.7227067,773.0,3211.1,390.0
56,rider_pickup_presence,58.3672409,26.7227067,820.28,3211.1,390.0
56,trip_completion,58.3857418,26.6804181,1163.0,3211.1,390.0
56,rider_dropoff_presence,58.3857418,26.6804181,1230.73,3211.1,390.0
57,driver_arrival,58.3833776,26.6924842,785.0,2192.6,601.0
57,rider_pickup_presence,58.3833776,26.6924842,788.25,2192.6,601.0
57,trip_completion,58.3747008,26.7262572,1386.0,2192.6,601.0
57,rider_dropoff_presence,58.3747008,26.7262572,1463.13,2192.6,601.0
58,driver_arrival,58.3763371,26.7075544,851.0,1185.6,184.0
58,rider_pickup_presence,58.3763371,26.7075544,867.28,1185.6,184.0
58,trip_completion,58.3715639,26.7257357,1035.0,1185.6,184.0
58,rider_dropoff_presence,58.3715639,26.7257357,1090.4,1185.6,184.0
59,driver_arrival,58.3868863,26.7229245,854.0,1466.0,466.0
59,rider_pickup_presence,58.3868863,26.7229245,860.03,1466.0,466.0
59,trip_completion,58.3759485,26.7088839,1320.0,1466.0,466.0
59,rider_dropoff_presence,58.3759485,26.7088839,1365.49,1466.0,466.0
6,driver_arrival,58.376597,26.7279783,65.0,2261.5,793.0
6,rider_pickup_presence,58.376597,26.7279783,90.4,2261.5,793.0
6,trip_completion,58.3622528,26.7004863,858.0,2261.5,793.0
6,rider_dropoff_presence,58.3622528,26.7004863,897.22,2261.5,793.0
60,driver_arrival,58.3719444,26.7727943,856.0,2966.6,697.0
60,rider_pickup_presence,58.3719444,26.7727943,947.35,2966.6,697.0
60,trip_completion,58.3715591,26.7219237,1553.0,2966.6,697.0
60,rider_dropoff_presence,58.3715591,26.7219237,1598.5,2966.6,697.0
61,driver_arrival,58.3684884,26.7708088,889.0,3834.4,551.0
61,rider_pickup_presence,58.3684884,26.7708088,979.24,3834.4,551.0
61,trip_completion,58.3850972,26.7131728,1440.0,3834.4,551.0
61,rider_dropoff_presence,58.3850972,26.7131728,1539.83,3834.4,551.0
62,driver_arrival,58.3785516,26.7014573,896.0,1927.2,257.0
62,rider_pickup_presence,58.3785516,26.7014573,926.27,1927.2,257.0
62,trip_completion,58.3911806,26.7241014,1153.0,1927.2,257.0
62,rider_dropoff_presence,58.3911806,26.7241014,1162.83,1927.2,257.0
63,driver_arrival,58.3669402,26.7362026,903.0,554.4,95.0
63,rider_pickup_presence,58.3669402,26.7362026,905.33,554.4,95.0
63,trip_completion,58.3716153,26.7395051,998.0,554.4,95.0
63,rider_dropoff_presence,58.3716153,26.7395051,1062.73,554.4,95.0
64,driver_arrival,58.372139,26.7223127,903.0,1230.6,448.0
64,rider_pickup_presence,58.372139,26.7223127,1022.99,1230.6,448.0
64,trip_completion,58.3830539,26.7188224,1351.0,1230.6,448.0
64,rider_dropoff_presence,58.3830539,26.7188224,1393.0,1230.6,448.0
65,driver_arrival,58.3649919,26.6883789,914.0,3141.3,842.0
65,rider_pickup_presence,58.3649919,26.6883789,992.02,3141.3,842.0
65,trip_completion,58.3842299,26.7278321,1756.0,3141.3,842.0
65,rider_dropoff_presence,58.3842299,26.7278321,1849.75,3141.3,842.0
66,driver_arrival,58.3647538,26.6869261,963.0,1183.2,141.0
66,rider_pickup_presence,58.3647538,26.6869261,1041.21,1183.2,141.0
66,trip_completion,58.375221,26.6832773,1104.0,1183.2,141.0
66,rider_dropoff_presence,58.375221,26.6832773,1194.51,1183.2,141.0
67,driver_arrival,58.3711872,26.7008868,972.0,1187.2,253.0
67,rider_pickup_presence,58.3711872,26.7008868,1085.95,1187.2,253.0
67,trip_completion,58.361021,26.6946673,1225.0,1187.2,253.0
67,rider_dropoff_presence,58.361021,26.6946673,1248.92,1187.2,253.0
68,driver_arrival,58.3894455,26.7283275,975.0,1404.1,224.0
68,rider_pickup_presence,58.3894455,26.7283275,977.45,1404.1,224.0
68,trip_completion,58.376854,26.7301438,1199.0,1404.1,224.0
68,rider_dropoff_presence,58.376854,26.7301438,1217.29,1404.1,224.0
69,driver_arrival,58.382546,26.6986512,1006.0,3792.5,627.0
69,rider_pickup_presence,58.382546,26.6986512,1021.15,3792.5,627.0
69,trip_completion,58.372915,26.7610532,1633.0,3792.5,627.0
69,rider_dropoff_presence,58.372915,26.7610532,1713.34,3792.5,627.0
7,driver_arrival,58.3685599,26.7235821,66.0,1675.7,382.0
7,rider_pickup_presence,58.3685599,26.7235821,133.68,1675.7,382.0
7,trip_completion,58.3826791,26.7336304,448.0,1675.7,382.0
7,rider_dropoff_presence,58.3826791,26.7336304,474.16,1675.7,382.0
70,driver_arrival,58.3881962,26.7110914,1010.0,747.6,176.0
70,rider_pickup_presence,58.3881962,26.7110914,1093.94,747.6,176.0
70,trip_completion,58.3814852,26.7118624,1186.0,747.6,176.0
70,rider_dropoff_presence,58.3814852,26.7118624,1278.03,747.6,176.0
71,driver_arrival,58.3710703,26.7547935,1034.0,1531.4,245.0
71,rider_pickup_presence,58.3710703,26.7547935,1054.13,1531.4,245.0
71,trip_completion,58.3621678,26.7347583,1279.0,1531.4,245.0
71,rider_dropoff_presence,58.3621678,26.7347583,1351.87,1531.4,245.0
72,driver_arrival,58.3685347,26.7214007,1034.0,3006.3,842.0
72,rider_pickup_presence,58.3685347,26.7214007,1123.75,3006.3,842.0
72,trip_completion,58.3733018,26.7721483,1876.0,3006.3,842.0
72,rider_dropoff_presence,58.3733018,26.7721483,1889.74,3006.3,842.0
73,driver_arrival,58.3667735,26.7291615,1038.0,1735.3,600.0
73,rider_pickup_presence,58.3667735,26.7291615,1136.32,1735.3,600.0
73,trip_completion,58.3823796,26.7291683,1638.0,1735.3,600.0
73,rider_dropoff_presence,58.3823796,26.7291683,1753.77,1735.3,600.0
74,driver_arrival,58.3675062,26.6937424,1074.0,2310.4,649.0
74,rider_pickup_presence,58.3675062,26.6937424,1086.97,2310.4,649.0
74,trip_completion,58.3765413,26.7294231,1723.0,2310.4,649.0
74,rider_dropoff_presence,58.3765413,26.7294231,1726.08,2310.4,649.0
75,driver_arrival,58.3671763,26.6997945,1081.0,1222.2,162.0
75,rider_pickup_presence,58.3671763,26.6997945,1118.43,1222.2,162.0
75,trip_completion,58.3779442,26.6955921,1243.0,1222.2,162.0
75,rider_dropoff_presence,58.3779442,26.6955921,1324.28,1222.2,162.0
76,driver_arrival,58.3668182,26.7363541,1093.0,2401.4,325.0
76,rider_pickup_presence,58.3668182,26.7363541,1207.98,2401.4,325.0
76,trip_completion,58.3874406,26.7241273,1418.0,2401.4,325.0
76,rider_dropoff_presence,58.3874406,26.7241273,1465.6,2401.4,325.0
77,driver_arrival,58.3713243,26.7336672,1135.0,1940.5,262.0
77,rider_pickup_presence,58.3713243,26.7336672,1220.8,1940.5,262.0
77,trip_completion,58.3792495,26.7633185,1397.0,1940.5,262.0
77,rider_dropoff_presence,58.3792495,26.7633185,1406.12,1940.5,262.0
78,driver_arrival,58.3720036,26.7689461,1135.0,1769.9,547.0
78,rider_pickup_presence,58.3720036,26.7689461,1217.87,1769.9,547.0
78,trip_completion,58.3647014,26.7419778,1682.0,1769.9,547.0
78,rider_dropoff_presence,58.3647014,26.7419778,1757.27,1769.9,547.0
79,driver_arrival,58.3696327,26.7110616,1137.0,2502.0,782.0
79,rider_pickup_presence,58.3696327,26.7110616,1149.23,2502.0,782.0
79,trip_completion,58.3742,26.7530763,1919.0,2502.0,782.0
79,rider_dropoff_presence,58.3742,26.7530763,2011.7,2502.0,782.0
8,driver_arrival,58.3610353,26.6992896,84.0,3345.3,976.0
8,rider_pickup_presence,58.3610353,26.6992896,186.04,3345.3,976.0
8,trip_completion,58.3775115,26.7472873,1060.0,3345.3,976.0
8,rider_dropoff_presence,58.3775115,26.7472873,1132.05,3345.3,976.0
80,driver_arrival,58.365069,26.6989567,1170.0,1489.0,318.0
80,rider_pickup_presence,58.365069,26.6989567,1184.53,1489.0,318.0
80,trip_completion,58.3747015,26.7166935,1488.0,1489.0,318.0
80,rider_dropoff_presence,58.3747015,26.7166935,1606.06,1489.0,318.0
81,driver_arrival,58.3881943,26.7066404,1173.0,572.9,203.0
81,rider_pickup_presence,58.3881943,26.7066404,1266.92,572.9,203.0
81,trip_completion,58.3833389,26.7099278,1376.0,572.9,203.0
81,rider_dropoff_presence,58.3833389,26.7099278,1417.66,572.9,203.0
82,driver_arrival,58.3595503,26.7109833,1180.0,3472.8,693.0
82,rider_pickup_presence,58.3595503,26.7109833,1231.41,3472.8,693.0
82,trip_completion,58.3835366,26.7491238,1873.0,3472.8,693.0
82,rider_dropoff_presence,58.3835366,26.7491238,1917.47,3472.8,693.0
83,driver_arrival,58.3613807,26.7380303,1202.0,2340.8,507.0
83,rider_pickup_presence,58.3613807,26.7380303,1262.72,2340.8,507.0
83,trip_completion,58.3621661,26.6979269,1709.0,2340.8,507.0
83,rider_dropoff_presence,58.3621661,26.6979269,1749.95,2340.8,507.0
84,driver_arrival,58.3702101,26.7300381,1210.0,384.0,74.0
84,rider_pickup_presence,58.3702101,26.7300381,1311.95,384.0,74.0
84,trip_completion,58.3667722,26.7294181,1284.0,384.0,74.0
84,rider_dropoff_presence,58.3667722,26.7294181,1382.68,384.0,74.0
85,driver_arrival,58.3711415,26.6816433,1213.0,1802.1,240.0
85,rider_pickup_presence,58.3711415,26.6816433,1225.66,1802.1,240.0
85,trip_completion,58.3752506,26.71154,1453.0,1802.1,240.0
85,rider_dropoff_presence,58.3752506,26.71154,1568.29,1802.1,240.0
86,driver_arrival,58.386194,26.7579915,1224.0,1876.8,558.0
86,rider_pickup_presence,58.386194,26.7579915,1300.27,1876.8,558.0
86,trip_completion,58.3712189,26.7728426,1782.0,1876.8,558.0
86,rider_dropoff_presence,58.3712189,26.7728426,1881.44,1876.8,558.0
87,driver_arrival,58.3791845,26.7525704,1229.0,3522.4,510.0
87,rider_pickup_presence,58.3791845,26.7525704,1313.88,3522.4,510.0
87,trip_completion,58.3644351,26.6991099,1739.0,3522.4,510.0
87,rider_dropoff_presence,58.3644351,26.6991099,1791.26,3522.4,510.0
88,driver_arrival,58.3713449,26.7669006,1237.0,4259.3,949.0
88,rider_pickup_presence,58.3713449,26.7669006,1325.06,4259.3,949.0
88,trip_completion,58.3669083,26.6943539,2186.0,4259.3,949.0
88,rider_dropoff_presence,58.3669083,26.6943539,2301.86,4259.3,949.0
89,driver_arrival,58.3798201,26.7510695,1237.0,2308.6,485.0
89,rider_pickup_presence,58.3798201,26.7510695,1269.41,2308.6,485.0
89,trip_completion,58.3763357,26.7120326,1722.0,2308.6,485.0
89,rider_dropoff_presence,58.3763357,26.7120326,1818.98,2308.6,485.0
9,driver_arrival,58.3799841,26.7432395,86.0,1397.4,255.0
9,rider_pickup_presence,58.3799841,26.7432395,150.58,1397.4,255.0
9,trip_completion,58.3872184,26.7236367,341.0,1397.4,255.0
9,rider_dropoff_presence,58.3872184,26.7236367,399.02,1397.4,255.0
90,driver_arrival,58.3743537,26.7702516,1248.0,4861.8,750.0
90,rider_pickup_presence,58.3743537,26.7702516,1300.27,4861.8,750.0
90,trip_completion,58.377463,26.6870763,1998.0,4861.8,750.0
90,rider_dropoff_presence,58.377463,26.6870763,2085.72,4861.8,750.0
91,driver_arrival,58.3766727,26.7628831,1249.0,833.5,214.0
91,rider_pickup_presence,58.3766727,26.7628831,1281.21,833.5,214.0
91,trip_completion,58.3776314,26.7770626,1463.0,833.5,214.0
91,rider_dropoff_presence,58.3776314,26.7770626,1565.21,833.5,214.0
92,driver_arrival,58.3643187,26.6833246,1268.0,1237.0,227.0
92,rider_pickup_presence,58.3643187,26.6833246,1367.69,1237.0,227.0
92,trip_completion,58.3599671,26.7028428,1495.0,1237.0,227.0
92,rider_dropoff_presence,58.3599671,26.7028428,1505.4,1237.0,227.0
93,driver_arrival,58.3815985,26.7237459,1277.0,979.8,316.0
93,rider_pickup_presence,58.3815985,26.7237459,1382.8,979.8,316.0
93,trip_completion,58.3843017,26.7077487,1593.0,979.8,316.0
93,rider_dropoff_presence,58.3843017,26.7077487,1622.26,979.8,316.0
94,driver_arrival,58.3773368,26.7115091,1292.0,1220.7,178.0
94,rider_pickup_presence,58.3773368,26.7115091,1347.77,1220.7,178.0
94,trip_completion,58.3717733,26.6934613,1470.0,1220.7,178.0
94,rider_dropoff_presence,58.3717733,26.6934613,1543.24,1220.7,178.0
95,driver_arrival,58.3831056,26.6945686,1297.0,1407.6,225.0
95,rider_pickup_presence,58.3831056,26.6945686,1342.48,1407.6,225.0
95,trip_completion,58.3724697,26.6814766,1522.0,1407.6,225.0
95,rider_dropoff_presence,58.3724697,26.6814766,1525.44,1407.6,225.0
96,driver_arrival,58.3641191,26.7121179,1307.0,1202.7,362.0
96,rider_pickup_presence,58.3641191,26.7121179,1409.11,1202.7,362.0
96,trip_completion,58.3705082,26.7287579,1669.0,1202.7,362.0
96,rider_dropoff_presence,58.3705082,26.7287579,1690.82,1202.7,362.0
97,driver_arrival,58.3893215,26.7122652,1326.0,2642.3,371.0
97,rider_pickup_presence,58.3893215,26.7122652,1351.45,2642.3,371.0
97,trip_completion,58.3704343,26.6847606,1697.0,2642.3,371.0
97,rider_dropoff_presence,58.3704343,26.6847606,1792.74,2642.3,371.0
98,driver_arrival,58.3703298,26.6980322,1343.0,1971.6,324.0
98,rider_pickup_presence,58.3703298,26.6980322,1383.84,1971.6,324.0
98,trip_completion,58.3877198,26.7046322,1667.0,1971.6,324.0
98,rider_dropoff_presence,58.3877198,26.7046322,1772.64,1971.6,324.0
99,driver_arrival,58.3742999,26.7229235,1343.0,1792.9,513.0
99,rider_pickup_presence,58.3742999,26.7229235,1427.14,1792.9,513.0
99,trip_completion,58.3724606,26.7534717,1856.0,1792.9,513.0
99,rider_dropoff_presence,58.3724606,26.7534717,1889.15,1792.9,513.0
